filepaths,labels
flowers\rose\red-roses-7083086.jpg.npy,rose
flowers\tulip\17094167287_865840060d_n.jpg.npy,tulip
flowers\tulip\4537678729_0d655f741a_c.jpg.npy,tulip
flowers\sunflower\3803645814_16710304d1_c.jpg.npy,sunflower
flowers\sunflower\337043613_666ce2f082_c.jpg.npy,sunflower
flowers\tulip\136755060_386b6ae445_c.jpg.npy,tulip
flowers\tulip\943d6a2209.jpg.npy,tulip
flowers\tulip\145ed8fb23915a491ddacc078f300a58.jpg.npy,tulip
flowers\rose\15284682778_a91576754f_c.jpg.npy,rose
flowers\rose\image_01233.jpg.npy,rose
flowers\tulip\5691729437_fdb22f2b19_c.jpg.npy,tulip
flowers\sunflower\images32.jpg.npy,sunflower
flowers\sunflower\5037790727_57c527494f.jpg.npy,sunflower
flowers\tulip\13903937027_44b9f2f5b8.jpg.npy,tulip
flowers\tulip\3402920451_3697524813_c.jpg.npy,tulip
flowers\tulip\9831362123_5aac525a99_n.jpg.npy,tulip
flowers\dandelion\75.jpg.npy,dandelion
flowers\tulip\17039290000_27dd4c6d07_c.jpg.npy,tulip
flowers\tulip\10686568196_b1915544a8.jpg.npy,tulip
flowers\sunflower\6174261344_4f81de0f08_c.jpg.npy,sunflower
flowers\tulip\25631104341_4d52b6f165_c.jpg.npy,tulip
flowers\daisy\ba6f501000.jpg.npy,daisy
flowers\dandelion\5693386743_f6745712a4_c.jpg.npy,dandelion
flowers\daisy\white-daisy-field-garden-beautiful-39611316.jpg.npy,daisy
flowers\tulip\8714214732_97d7793acc_c.jpg.npy,tulip
flowers\rose\3292434691_392071d702_n.jpg.npy,rose
flowers\tulip\yellow-tulips-bouquet-over-nature-green-blurred-background-50821363.jpg.npy,tulip
flowers\daisy\14551098743_2842e7a004_n_jpg.rf.c8c74e79a5c90effc799197bfe1fd37a.jpg.npy,daisy
flowers\sunflower\3381681390_2761ac6a0d_c.jpg.npy,sunflower
flowers\daisy\34522174462_b7cbee3ecb_n_jpg.rf.bd3898e932dbe5989459cb45d196aceb.jpg.npy,daisy
flowers\sunflower\3358814828_ee2a68c5a7_c.jpg.npy,sunflower
flowers\rose\1091926885_103ad6e41a_c.jpg.npy,rose
flowers\sunflower\yellow-sunflower-1439748.jpg.npy,sunflower
flowers\sunflower\sunflower-vertical-2685016.jpg.npy,sunflower
flowers\daisy\e0d886d371d30a74a2d7dc3ab968f45d.jpg.npy,daisy
flowers\tulip\13936919325_a634abe291_c.jpg.npy,tulip
flowers\daisy\image_06208.jpg.npy,daisy
flowers\tulip\1136adf8f5af0140b99be36694993876.jpg.npy,tulip
flowers\tulip\3989759864_5977be1f83_c.jpg.npy,tulip
flowers\tulip\4555842486_dd214a84d7_n.jpg.npy,tulip
flowers\sunflower\43164408202_c62394bd16_c.jpg.npy,sunflower
flowers\rose\9716058738_cd2b8cc97a_c.jpg.npy,rose
flowers\dandelion\8727612532_6f3d0904aa_n.jpg.npy,dandelion
flowers\rose\515173738_9007f92a0f_c.jpg.npy,rose
flowers\sunflower\1345927377_97a06b9f97_c.jpg.npy,sunflower
flowers\sunflower\b57283b419.jpg.npy,sunflower
flowers\daisy\image_02293.jpg.npy,daisy
flowers\dandelion\2482177638_c510a3f359_c.jpg.npy,dandelion
flowers\daisy\422094774_28acc69a8b_n_jpg.rf.8b08cb771679e81231bf9cf758195faf.jpg.npy,daisy
flowers\sunflower\3883895985_bd20198371.jpg.npy,sunflower
flowers\rose\18485031144_4d39d22280_c.jpg.npy,rose
flowers\dandelion\3476759348_a0d34a4b59_n.jpg.npy,dandelion
flowers\daisy\daisy-chain-wooden-table-selective-focus-foreground-55424591.jpg.npy,daisy
flowers\dandelion\4552571121_2677bcdec3.jpg.npy,dandelion
flowers\sunflower\21728822928_9f6817325a_n.jpg.npy,sunflower
flowers\tulip\13530687085_9b515735ef_m.jpg.npy,tulip
flowers\daisy\3025866885_22fb0b61c6_n_jpg.rf.8d1d8099b6738b11965760f6d55fd1f6.jpg.npy,daisy
flowers\daisy\34295444880_b4376b3a8b_n.jpg.npy,daisy
flowers\dandelion\13541280674_e859bd9a9d_c.jpg.npy,dandelion
flowers\rose\50819001d9.jpg.npy,rose
flowers\sunflower\66.jpg.npy,sunflower
flowers\dandelion\4552591312_02fe1dcc04_n.jpg.npy,dandelion
flowers\dandelion\21657726011_2c94e341bc_n.jpg.npy,dandelion
flowers\sunflower\40827ba9ff.jpg.npy,sunflower
flowers\rose\19007450594_1bf7927700_c.jpg.npy,rose
flowers\sunflower\36939398351_38f63d1a19_c.jpg.npy,sunflower
flowers\tulip\16471277547_a0a5509377_n.jpg.npy,tulip
flowers\tulip\14359943731_bb368265b6_c.jpg.npy,tulip
flowers\sunflower\6999438249_277fa8f614_c.jpg.npy,sunflower
flowers\dandelion\16833607764_887394c914_c.jpg.npy,dandelion
flowers\dandelion\28327388617_1a1305b1b8_c.jpg.npy,dandelion
flowers\daisy\14523675369_97c31d0b5b.jpg.npy,daisy
flowers\rose\7344357814_590359907e_c.jpg.npy,rose
flowers\daisy\14564545365_1f1d267bf1_n.jpg.npy,daisy
flowers\dandelion\image_06329.jpg.npy,dandelion
flowers\tulip\easter-eggs-tulips-38406216.jpg.npy,tulip
flowers\sunflower\sunflower-bee-20515322.jpg.npy,sunflower
flowers\dandelion\34537877932_f9a3476a4d_n.jpg.npy,dandelion
flowers\daisy\image_06207.jpg.npy,daisy
flowers\sunflower\34340388204_8590d9d750_c.jpg.npy,sunflower
flowers\daisy\5586977262_6b24412805_n.jpg.npy,daisy
flowers\rose\17756094922_7d78e1729e_c.jpg.npy,rose
flowers\rose\image_01176.jpg.npy,rose
flowers\sunflower\sunflower-field-sunset-27770362.jpg.npy,sunflower
flowers\dandelion\14070463051_86ab57ab36.jpg.npy,dandelion
flowers\tulip\17301743510_5a7c845bc4_c.jpg.npy,tulip
flowers\sunflower\4774330379_8897baa9b1_c.jpg.npy,sunflower
flowers\dandelion\7822037966_be2d0571b5_c.jpg.npy,dandelion
flowers\rose\13231224664_4af5293a37.jpg.npy,rose
flowers\rose\d8afde71b7b83f47987e16c0a7ef7866.jpg.npy,rose
flowers\rose\2c5d11e573.jpg.npy,rose
flowers\sunflower\3001533700_1c62fb8b4a_n.jpg.npy,sunflower
flowers\sunflower\6122711533_2c219f0392_n.jpg.npy,sunflower
flowers\tulip\16057978909_eff31de9c6_c.jpg.npy,tulip
flowers\daisy\2536529152_33ef3ee078_n_jpg.rf.68fef1480f098486f4224498be82e3ee.jpg.npy,daisy
flowers\daisy\76.jpg.npy,daisy
flowers\dandelion\3461986955_29a1abc621.jpg.npy,dandelion
flowers\tulip\13899730430_aaea72d3dd_c.jpg.npy,tulip
flowers\daisy\5434914569_e9b982fde0_n.jpg.npy,daisy
flowers\sunflower\6104384445_102e2d9156_c.jpg.npy,sunflower
flowers\sunflower\43579304771_171605a947_c.jpg.npy,sunflower
flowers\tulip\5757091018_cdfd79dfa6_m.jpg.npy,tulip
flowers\rose\5001857777_440e725f2f_n.jpg.npy,rose
flowers\rose\2480339494_b8fc86f3e9_c.jpg.npy,rose
flowers\rose\4065283966_9504b98269.jpg.npy,rose
flowers\daisy\cd25182c5c.jpg.npy,daisy
flowers\rose\f3d65c473d.jpg.npy,rose
flowers\sunflower\513372570_1e5758e338_c.jpg.npy,sunflower
flowers\tulip\14253178841_8a637b64f0_n.jpg.npy,tulip
flowers\sunflower\6150922708_0748e5889b_c.jpg.npy,sunflower
flowers\dandelion\14858708932_b068b014c7_c.jpg.npy,dandelion
flowers\rose\image_01297.jpg.npy,rose
flowers\tulip\14487762578_baba13d16a_m.jpg.npy,tulip
flowers\dandelion\1dc8d90536.jpg.npy,dandelion
flowers\dandelion\19551343814_48f764535f_m.jpg.npy,dandelion
flowers\dandelion\5690212625_faa849a29a_c.jpg.npy,dandelion
flowers\daisy\62e44b05dc.jpg.npy,daisy
flowers\rose\2458241573_ed0d96b8e8_c.jpg.npy,rose
flowers\rose\7461878736_a55f749faf_n.jpg.npy,rose
flowers\dandelion\7381288864_81cd00c169_c.jpg.npy,dandelion
flowers\sunflower\9056495873_66e351b17c_n.jpg.npy,sunflower
flowers\tulip\8746063451_2ef7cd07b2_c.jpg.npy,tulip
flowers\tulip\yellow-tulips-blooming-spring-67366178.jpg.npy,tulip
flowers\dandelion\514794329_3581bf4fb8_c.jpg.npy,dandelion
flowers\tulip\8673412732_f8fd690ee4_n.jpg.npy,tulip
flowers\daisy\ox-eye-daisy-5903512.jpg.npy,daisy
flowers\rose\5231103167_a03280e9f6_n.jpg.npy,rose
flowers\daisy\5881907044_92a85a05c8_n_jpg.rf.37f49c03e6e7c01f5f3c67d7c42d8a44.jpg.npy,daisy
flowers\sunflower\18250039435_7654bc11be_n.jpg.npy,sunflower
flowers\sunflower\yellow-sunflower-side-mirror-modern-car-57282966.jpg.npy,sunflower
flowers\rose\8596807411_41df733e44_c.jpg.npy,rose
flowers\tulip\13925026335_6d85314f92_c.jpg.npy,tulip
flowers\dandelion\16837594326_1056d875a4_m.jpg.npy,dandelion
flowers\dandelion\7116950607_49b19102ba_n.jpg.npy,dandelion
flowers\sunflower\5955988356_22c5c43161_c.jpg.npy,sunflower
flowers\sunflower\blue-sky-sunflower-22431.jpg.npy,sunflower
flowers\tulip\2d33c6c5747305a7873870c8f1e15211.jpg.npy,tulip
flowers\rose\1775233884_12ff5a124f.jpg.npy,rose
flowers\rose\5415782938_6ce6e4a90d_n.jpg.npy,rose
flowers\sunflower\14646282112_447cc7d1f9.jpg.npy,sunflower
flowers\tulip\da6fe2f1f5.jpg.npy,tulip
flowers\daisy\0cdc3cf1b2.jpg.npy,daisy
flowers\rose\4f923a52e6.jpg.npy,rose
flowers\daisy\14554906452_35f066ffe9_n.jpg.npy,daisy
flowers\sunflower\3829474128_8fc8db9b95_c.jpg.npy,sunflower
flowers\tulip\a21d9b0686.jpg.npy,tulip
flowers\sunflower\6675708407_9591759a57_c.jpg.npy,sunflower
flowers\tulip\2427488773_184d629d9d_c.jpg.npy,tulip
flowers\sunflower\4933229889_c5d9e36392.jpg.npy,sunflower
flowers\sunflower\4933230991_d50c0f7c66.jpg.npy,sunflower
flowers\rose\7820626638_3e2d712303.jpg.npy,rose
flowers\dandelion\5628515159_6b437ff1e5_n.jpg.npy,dandelion
flowers\rose\4910094611_8c7170fc95_n.jpg.npy,rose
flowers\daisy\8938566373_d129e7af75.jpg.npy,daisy
flowers\sunflower\16527650123_fbfe5d6579_c.jpg.npy,sunflower
flowers\dandelion\13758282_1f561d9eb6_c.jpg.npy,dandelion
flowers\daisy\image_02239.jpg.npy,daisy
flowers\tulip\2be0e538dc.jpg.npy,tulip
flowers\dandelion\34533729452_7d8e2b519d_n.jpg.npy,dandelion
flowers\daisy\image_02192.jpg.npy,daisy
flowers\dandelion\3758331905_a3ab774065_c.jpg.npy,dandelion
flowers\tulip\510698601_9f61d6f8d8.jpg.npy,tulip
flowers\daisy\ba0f62b5d5.jpg.npy,daisy
flowers\sunflower\3-1P6121UFO26.jpg.npy,sunflower
flowers\daisy\8120563761_ed5620664f_m_jpg.rf.bdae1db1d6420afd8037be4f5be59b40.jpg.npy,daisy
flowers\sunflower\2ae1d3265b.jpg.npy,sunflower
flowers\rose\4f6fe0727f.jpg.npy,rose
flowers\sunflower\23c6fe10a4.jpg.npy,sunflower
flowers\daisy\2635314490_e12d3b0f36_m.jpg.npy,daisy
flowers\dandelion\16953818045_fea21c8bf8.jpg.npy,dandelion
flowers\tulip\677e69eadffe1149b9f08b9d791ea611.jpg.npy,tulip
flowers\daisy\7410356270_9dff4d0e2e_n_jpg.rf.7469ce3fe8fc8610ca6e7a92e985b67e.jpg.npy,daisy
flowers\dandelion\2457473644_5242844e52_m.jpg.npy,dandelion
flowers\sunflower\14932787983_d6e05f2434_m.jpg.npy,sunflower
flowers\tulip\a183f54e8d.jpg.npy,tulip
flowers\sunflower\3804128805_c1292931c9_c.jpg.npy,sunflower
flowers\dandelion\23998221_e4048859dc_c.jpg.npy,dandelion
flowers\rose\8035908422_87220425d2_n.jpg.npy,rose
flowers\rose\2580948483_5cd06d64cc_c.jpg.npy,rose
flowers\tulip\13094267155_d0ae6e744b_c.jpg.npy,tulip
flowers\sunflower\20200624081728_file_5ef3b4d8450e9_5ef3b5607eb6f.jpg.npy,sunflower
flowers\dandelion\515143813_b3afb08bf9.jpg.npy,dandelion
flowers\dandelion\80846315_d997645bea_n.jpg.npy,dandelion
flowers\dandelion\2812978f2c.jpg.npy,dandelion
flowers\rose\8960904651_9a0b727258.jpg.npy,rose
flowers\rose\beautiful-red-climbing-roses-summer-garden-decorative-flowers-gardening-concept-beautiful-red-climbing-roses-120491444.jpg.npy,rose
flowers\rose\1b60875d72.jpg.npy,rose
flowers\dandelion\5733828953_5acd1aa088_c.jpg.npy,dandelion
flowers\dandelion\8720706874_425dd8b386_c.jpg.npy,dandelion
flowers\rose\4503599544_3822e7d1be.jpg.npy,rose
flowers\sunflower\4933229197_ff75a40d55.jpg.npy,sunflower
flowers\rose\8706297454_421ac7f0bb_c.jpg.npy,rose
flowers\dandelion\059cdedee6.jpg.npy,dandelion
flowers\dandelion\1a8df904b6aded301b86c9939f858e5a.jpg.npy,dandelion
flowers\tulip\0f3d0fa324fea0fa799608589fa14bfb.jpg.npy,tulip
flowers\dandelion\4541779625_fbc443a456_c.jpg.npy,dandelion
flowers\dandelion\76ab3a7c1f2f2f1a341d1e518a4a2449.jpg.npy,dandelion
flowers\tulip\212720516_df4965ebda_n.jpg.npy,tulip
flowers\sunflower\29b4deb9c64313d8d842a29c28a53dec.jpg.npy,sunflower
flowers\rose\4061451210_1650590c6a.jpg.npy,rose
flowers\tulip\13910719110_1b21d1fc81.jpg.npy,tulip
flowers\dandelion\3311322189_f08cb0c891_c.jpg.npy,dandelion
flowers\rose\backdrop-colorful-paper-roses-background-wedding-reception-soft-colors-closeup-image-beautiful-flowers-wall-amazing-171418802.jpg.npy,rose
flowers\sunflower\5b62b6ceN2f96b2da.jpg.npy,sunflower
flowers\daisy\3450822975_7e77d67636_n.jpg.npy,daisy
flowers\dandelion\17831860736_3e44667bbb_n.jpg.npy,dandelion
flowers\tulip\264d5013ef903b698cefe49848910f28.jpg.npy,tulip
flowers\tulip\2e682edb63.jpg.npy,tulip
flowers\daisy\3711892138_b8c953fdc1_z.jpg.npy,daisy
flowers\dandelion\6191794610_69486477a9_c.jpg.npy,dandelion
flowers\rose\3395391122_a40cc01e2f_c.jpg.npy,rose
flowers\sunflower\38.jpg.npy,sunflower
flowers\tulip\4582198748_20fa7caaa1.jpg.npy,tulip
flowers\sunflower\6029543396_5cd6c183c8_c.jpg.npy,sunflower
flowers\tulip\12564772705_d48abd9f89_c.jpg.npy,tulip
flowers\dandelion\23891393761_155af6402c.jpg.npy,dandelion
flowers\dandelion\34310456510_a4ceda64da_n.jpg.npy,dandelion
flowers\daisy\daisy-blue-sky-5848141.jpg.npy,daisy
flowers\daisy\9611923744_013b29e4da_n_jpg.rf.b42d9295d9b78af1bce77f063fb8b3df.jpg.npy,daisy
flowers\dandelion\30215348397_209bca9576_c.jpg.npy,dandelion
flowers\sunflower\5027214438_1eb63e2e32_c.jpg.npy,sunflower
flowers\dandelion\19599413676_fc9ee2640e.jpg.npy,dandelion
flowers\dandelion\10778387133_9141024b10.jpg.npy,dandelion
flowers\dandelion\8663932737_0a603ab718_n.jpg.npy,dandelion
flowers\sunflower\14741812319_e1d32ffb84_n.jpg.npy,sunflower
flowers\daisy\7358085448_b317d11cd5_jpg.rf.7f006bde9cd4ea4ea3e50155ceea56be.jpg.npy,daisy
flowers\dandelion\17721fb211.jpg.npy,dandelion
flowers\dandelion\43.jpg.npy,dandelion
flowers\sunflower\2927020075_54c9186797_n.jpg.npy,sunflower
flowers\tulip\2476252028_c85772f612_c.jpg.npy,tulip
flowers\rose\roses-13048158.jpg.npy,rose
flowers\tulip\5707621472_78edafc284_c.jpg.npy,tulip
flowers\daisy\white-daisy-bright-white-daisy-yellow-heart-blurred-green-background-122487926.jpg.npy,daisy
flowers\rose\3748717164_738f9469a4_c.jpg.npy,rose
flowers\rose\valentine-roses-12751599.jpg.npy,rose
flowers\tulip\7166596680_a01961a618_n.jpg.npy,tulip
flowers\tulip\16582481123_06e8e6b966_n.jpg.npy,tulip
flowers\dandelion\14079882614_df1a406b0a_c.jpg.npy,dandelion
flowers\sunflower\8120669178_cb6711beb6_c.jpg.npy,sunflower
flowers\dandelion\33859759654_be0be6f876_n.jpg.npy,dandelion
flowers\daisy\3598615130_578ed30e5f.jpg.npy,daisy
flowers\dandelion\6cd7bb047c.jpg.npy,dandelion
flowers\sunflower\6178630465_971e031f74_c.jpg.npy,sunflower
flowers\tulip\14121188152_c8a61033ca_c.jpg.npy,tulip
flowers\rose\26364622593_35bfcb9695_c.jpg.npy,rose
flowers\dandelion\921252114_91e334b950.jpg.npy,dandelion
flowers\tulip\20708492111_35757c490f_n.jpg.npy,tulip
flowers\dandelion\4754662208_c4f00d3179_c.jpg.npy,dandelion
flowers\tulip\485415743_eeb5d7c1a5.jpg.npy,tulip
flowers\tulip\fc51f2bf7e.jpg.npy,tulip
flowers\rose\wet-orange-red-rose-flower-close-up-29170600.jpg.npy,rose
flowers\tulip\25965526231_941b6a216d_n.jpg.npy,tulip
flowers\tulip\14067476586_36bcddf111.jpg.npy,tulip
flowers\dandelion\22951860336_3ce1ff6859_c.jpg.npy,dandelion
flowers\tulip\13976522214_ccec508fe7.jpg.npy,tulip
flowers\daisy\34696730346_5f0c131e59_n.jpg.npy,daisy
flowers\rose\15190665092_5c1c37a066_m.jpg.npy,rose
flowers\rose\3742155164_14b557a51c_n.jpg.npy,rose
flowers\tulip\14005335485_be74c4c1cf_c.jpg.npy,tulip
flowers\rose\image_01148.jpg.npy,rose
flowers\tulip\7f5c10e6e3.jpg.npy,tulip
flowers\rose\5001857501_f8b1e3e987_n.jpg.npy,rose
flowers\daisy\image_06205.jpg.npy,daisy
flowers\rose\sexy-girl-pink-white-roses-hairstyle-model-55058878.jpg.npy,rose
flowers\daisy\413815348_764ae83088.jpg.npy,daisy
flowers\sunflower\e75a132c72.jpg.npy,sunflower
flowers\rose\decada9f3b.jpg.npy,rose
flowers\dandelion\7232035352_84a39e99ba_n.jpg.npy,dandelion
flowers\rose\3747926491_25c036d023_c.jpg.npy,rose
flowers\rose\72ded972f3.jpg.npy,rose
flowers\daisy\64d8b743f5.jpg.npy,daisy
flowers\daisy\d47f3819ed7448709bc752682e0234b3.jpg.npy,daisy
flowers\dandelion\22190242684_8c3300d4e6.jpg.npy,dandelion
flowers\tulip\6942128138_5c5f2f1c1c_c.jpg.npy,tulip
flowers\daisy\4820415253_15bc3b6833_n.jpg.npy,daisy
flowers\rose\2277130885_3d7d4785f9_c.jpg.npy,rose
flowers\tulip\14064731501_ea14b58161.jpg.npy,tulip
flowers\tulip\7091143847_8751ce3f08_c.jpg.npy,tulip
flowers\rose\9553145859_e84e6d540f_c.jpg.npy,rose
flowers\sunflower\35790463104_617643221d_c.jpg.npy,sunflower
flowers\sunflower\4984325651_aaa09ce17e_c.jpg.npy,sunflower
flowers\sunflower\84c1f3aee5.jpg.npy,sunflower
flowers\rose\8437935944_aab997560a_n.jpg.npy,rose
flowers\sunflower\29326709_e086a90c33_c.jpg.npy,sunflower
flowers\dandelion\5045509402_6e052ce443.jpg.npy,dandelion
flowers\dandelion\eb7147183e.jpg.npy,dandelion
flowers\dandelion\15501665221_8978c997ae_c.jpg.npy,dandelion
flowers\sunflower\204350319_2607326717_c.jpg.npy,sunflower
flowers\tulip\4517643854_63612952c0_c.jpg.npy,tulip
flowers\rose\white-roses-blue-431385.jpg.npy,rose
flowers\rose\909277823_e6fb8cb5c8_n.jpg.npy,rose
flowers\sunflower\309167791_16befbcc8a_c.jpg.npy,sunflower
flowers\daisy\4318007511_e9f4311936_n.jpg.npy,daisy
flowers\rose\3751835302_d5a03f55e8_n.jpg.npy,rose
flowers\dandelion\5756050388_03ebebf6e1_c.jpg.npy,dandelion
flowers\sunflower\FD14065WH_13.jpg.npy,sunflower
flowers\daisy\image_02272.jpg.npy,daisy
flowers\dandelion\5598845098_13e8e9460f.jpg.npy,dandelion
flowers\tulip\2431737309_1468526f8b.jpg.npy,tulip
flowers\dandelion\8733226215_161309f8ec.jpg.npy,dandelion
flowers\dandelion\33892172244_684e99b6fc_n.jpg.npy,dandelion
flowers\daisy\aa90ffba24.jpg.npy,daisy
flowers\dandelion\1790301840.jpg.npy,dandelion
flowers\dandelion\11.jpg.npy,dandelion
flowers\rose\2540551719_8e8b482a88_c.jpg.npy,rose
flowers\rose\image_01289.jpg.npy,rose
flowers\tulip\14256494935_0ee69cfa03_n.jpg.npy,tulip
flowers\dandelion\4573204385_9b71e96b35_m.jpg.npy,dandelion
flowers\daisy\33890808514_ca21f75499_n_jpg.rf.0eea5817f2ef705928c094c57bb50471.jpg.npy,daisy
flowers\sunflower\5274979365_503350ab26_c.jpg.npy,sunflower
flowers\dandelion\8797114213_103535743c_m.jpg.npy,dandelion
flowers\dandelion\284d38abe4fab5b4971f63bab451fc31.jpg.npy,dandelion
flowers\tulip\10128546863_8de70c610d.jpg.npy,tulip
flowers\tulip\azores-tulips-flowers-2576551.jpg.npy,tulip
flowers\dandelion\8470224760_b3f08692a6_c.jpg.npy,dandelion
flowers\tulip\4584730339_95e766f4d8_c.jpg.npy,tulip
flowers\tulip\red-yellow-tulips-1853215.jpg.npy,tulip
flowers\rose\2738662757_18aca3f6b2_c.jpg.npy,rose
flowers\tulip\7205698252_b972087cc2.jpg.npy,tulip
flowers\sunflower\8201295037_a6d9d7e3f8_c.jpg.npy,sunflower
flowers\tulip\27122968901_f2c81e29a7_c.jpg.npy,tulip
flowers\daisy\18474740346_ffdaa18032_jpg.rf.c5d287ca5efaa7285f7f03a88798897b.jpg.npy,daisy
flowers\tulip\5718513354_673b6e8306_n.jpg.npy,tulip
flowers\rose\image_01294.jpg.npy,rose
flowers\daisy\34508227161_a9ff840f71_n_jpg.rf.6112149329a9e6fbb76d7ddb082c4a08.jpg.npy,daisy
flowers\dandelion\3580443099_9a6902ebd8_n.jpg.npy,dandelion
flowers\rose\images14 5.12.04 PM.jpg.npy,rose
flowers\sunflower\22327825519_b91c90d513_c.jpg.npy,sunflower
flowers\tulip\3540137223_a6c9ccee8a_c.jpg.npy,tulip
flowers\tulip\8586205168_8294e67195_n.jpg.npy,tulip
flowers\tulip\4962669925_43051ab4ee_c.jpg.npy,tulip
flowers\daisy\34585995071_13e07140d8_n_jpg.rf.7f3b358f53dcb2f20c30d69003a6fae1.jpg.npy,daisy
flowers\sunflower\14648079548_68528345f4_c.jpg.npy,sunflower
flowers\tulip\6822877094_7a36b955ef_c.jpg.npy,tulip
flowers\daisy\daisy-field-4294662.jpg.npy,daisy
flowers\sunflower\russian-mammoth-sunflower-types-1586794669.jpg.npy,sunflower
flowers\tulip\16700863150_ddaa4d89b4_n.jpg.npy,tulip
flowers\daisy\15029936576_8d6f96c72c_n_jpg.rf.baf15442daf12d0c984f16d077553d88.jpg.npy,daisy
flowers\rose\10539258363_62df2abf81_c.jpg.npy,rose
flowers\sunflower\62.jpg.npy,sunflower
flowers\daisy\2513618768_ff7c004796_m.jpg.npy,daisy
flowers\sunflower\sunflower-white-background-49483041.jpg.npy,sunflower
flowers\sunflower\43280373770_2a77fd7117_c.jpg.npy,sunflower
flowers\dandelion\906515d8ad.jpg.npy,dandelion
flowers\sunflower\5979669004_d9736206c9_n.jpg.npy,sunflower
flowers\dandelion\9585695253_7b7ea9fac3_c.jpg.npy,dandelion
flowers\dandelion\29371125598_249d6ea2b9_c.jpg.npy,dandelion
flowers\daisy\daisy-stokrotka-14197385.jpg.npy,daisy
flowers\sunflower\4797482397_096daa389b_c.jpg.npy,sunflower
flowers\dandelion\3591588855_b4fd53b000.jpg.npy,dandelion
flowers\tulip\tulips-8593401.jpg.npy,tulip
flowers\tulip\7271976112_762dc2856f_c.jpg.npy,tulip
flowers\tulip\6940574674_78bf91c8ec_c.jpg.npy,tulip
flowers\sunflower\177da4e80e.jpg.npy,sunflower
flowers\tulip\2509124717_38da8b71b2_c.jpg.npy,tulip
flowers\sunflower\sunflower-procut-horizon.jpg.npy,sunflower
flowers\dandelion\34575269471_fe82b32aa9_n.jpg.npy,dandelion
flowers\tulip\cloud-tulips-2287120.jpg.npy,tulip
flowers\rose\3624546109_8eb98f0cdb.jpg.npy,rose
flowers\tulip\16938892686_3613ea68e8_n.jpg.npy,tulip
flowers\tulip\8713387500_6a9138b41b_n.jpg.npy,tulip
flowers\tulip\14086310525_347c809d3b_c.jpg.npy,tulip
flowers\tulip\858d46ec6c.jpg.npy,tulip
flowers\tulip\16674945187_2aa40a52eb_c.jpg.npy,tulip
flowers\tulip\785ad540e2.jpg.npy,tulip
flowers\dandelion\2501644229_fe0d593489_c.jpg.npy,dandelion
flowers\rose\5c7a76b0fbe78b9e3b5a5cfa6d36ad10.jpg.npy,rose
flowers\rose\2777518561_105abc8cfc_n.jpg.npy,rose
flowers\rose\image_01236.jpg.npy,rose
flowers\daisy\image_02235.jpg.npy,daisy
flowers\daisy\64.jpg.npy,daisy
flowers\tulip\26437272955_68725f60c2_c.jpg.npy,tulip
flowers\tulip\17000063538_a272e0f586_c.jpg.npy,tulip
flowers\rose\7456197696_7e1558cc22_n.jpg.npy,rose
flowers\daisy\dc8130d1005943fdbfca16642338e09f.jpg.npy,daisy
flowers\dandelion\15138654278_c4c6d59648_c.jpg.npy,dandelion
flowers\tulip\f1344ac099.jpg.npy,tulip
flowers\dandelion\f50e646817.jpg.npy,dandelion
flowers\dandelion\17760689619_1077c415a3_c.jpg.npy,dandelion
flowers\rose\39061644604_7b554f7489_c.jpg.npy,rose
flowers\tulip\easter-lamb-cake-purple-tulips-13345452.jpg.npy,tulip
flowers\tulip\5718511762_43b08f50ff_n.jpg.npy,tulip
flowers\dandelion\3530768556_b12a92d234_c.jpg.npy,dandelion
flowers\rose\roses-pearls-22455504.jpg.npy,rose
flowers\sunflower\89663d314b.jpg.npy,sunflower
flowers\rose\16424992340_c1d9eb72b4.jpg.npy,rose
flowers\rose\35291105915_d396a56317_c.jpg.npy,rose
flowers\tulip\tulips-6042009.jpg.npy,tulip
flowers\rose\15697872479_ed48e9dd73_n.jpg.npy,rose
flowers\daisy\5883162120_dc7274af76_n_jpg.rf.767c93db96c7fde434461efafe12d8ab.jpg.npy,daisy
flowers\daisy\15760811380_4d686c892b_n.jpg.npy,daisy
flowers\rose\roses-1879838.jpg.npy,rose
flowers\sunflower\9082511618_1db9824358_c.jpg.npy,sunflower
flowers\sunflower\Sunflower__41797.1457994092.jpg.npy,sunflower
flowers\daisy\5876455546_32049e5585_jpg.rf.69b1f6a5ce3699b0f2d7d777fb06676a.jpg.npy,daisy
flowers\tulip\17733480801_bffa0a30c0_n.jpg.npy,tulip
flowers\sunflower\image_05407.jpg.npy,sunflower
flowers\rose\roses-13654389.jpg.npy,rose
flowers\rose\7865295712_bcc94d120c.jpg.npy,rose
flowers\rose\16772483324_09f24813a1_n.jpg.npy,rose
flowers\tulip\19693711100_b98c861433_n.jpg.npy,tulip
flowers\rose\6282751636_2931e61ed0_c.jpg.npy,rose
flowers\sunflower\7f8ca5e327c67f687e159f6218fb8215.jpg.npy,sunflower
flowers\daisy\yellow-daisy-close-up-isolated-9720136.jpg.npy,daisy
flowers\sunflower\14967306387_a8dd371b0b_c.jpg.npy,sunflower
flowers\dandelion\76d2ccc6a3.jpg.npy,dandelion
flowers\rose\3262676270_947c4fd47e_c.jpg.npy,rose
flowers\sunflower\232007370_f3f86708dc_c.jpg.npy,sunflower
flowers\tulip\5d5d21340269661b99b3d3e40299af92.jpg.npy,tulip
flowers\sunflower\9718518727_0f0c909197_c.jpg.npy,sunflower
flowers\rose\8742493617_c2a9bf854f_m.jpg.npy,rose
flowers\daisy\33885735373_444ba02d9c_n_jpg.rf.fdefab1fde7291bf5e0b3aa399e02e49.jpg.npy,daisy
flowers\sunflower\164670176_9f5b9c7965.jpg.npy,sunflower
flowers\tulip\field-colorful-tulips-spring-16111505.jpg.npy,tulip
flowers\dandelion\41081623614_057b6aa21a_c.jpg.npy,dandelion
flowers\daisy\14707111433_cce08ee007.jpg.npy,daisy
flowers\dandelion\8952484062_31d1d97e45.jpg.npy,dandelion
flowers\sunflower\30518e4617.jpg.npy,sunflower
flowers\dandelion\5674707921_1ffd141bab_n.jpg.npy,dandelion
flowers\sunflower\4829237974_a5dd1b36fc_c.jpg.npy,sunflower
flowers\rose\image_01156.jpg.npy,rose
flowers\sunflower\dcdd494a38.jpg.npy,sunflower
flowers\dandelion\dc9bdbe0a4.jpg.npy,dandelion
flowers\daisy\5c6556578217aebc4d44226e12c8ea4a.jpg.npy,daisy
flowers\tulip\4564885308_685f5a87b7_c.jpg.npy,tulip
flowers\tulip\6f31b858e3.jpg.npy,tulip
flowers\sunflower\5edc0ce8bcfa648a38741ea2658b7d47.jpg.npy,sunflower
flowers\dandelion\34728513735_ebb4b179eb_n.jpg.npy,dandelion
flowers\sunflower\39.jpg.npy,sunflower
flowers\daisy\3627678863_557552c879_m_jpg.rf.a0ad4c394a499c4ecc73215c968dae77.jpg.npy,daisy
flowers\sunflower\6606743797_c90c669757.jpg.npy,sunflower
flowers\rose\9240977588_b6f3a48b90_c.jpg.npy,rose
flowers\rose\image_01203.jpg.npy,rose
flowers\rose\6d303762297b68c9c9824d3e08953880.jpg.npy,rose
flowers\rose\12243069253_e512464095_n.jpg.npy,rose
flowers\daisy\33838292353_8b143f7980_n.jpg.npy,daisy
flowers\tulip\14069838099_53d9d1f4af_n.jpg.npy,tulip
flowers\tulip\a813a82732.jpg.npy,tulip
flowers\tulip\155097272_70feb13184.jpg.npy,tulip
flowers\rose\9337528427_3d09b7012b.jpg.npy,rose
flowers\dandelion\17649960472_2294659998_c.jpg.npy,dandelion
flowers\rose\19988406792_68201f76e3_n.jpg.npy,rose
flowers\dandelion\146023167_f905574d97_m.jpg.npy,dandelion
flowers\sunflower\35980472944_6c6f8e0f6b_c.jpg.npy,sunflower
flowers\tulip\11036171_2aa5cf0325_c.jpg.npy,tulip
flowers\dandelion\645330051_06b192b7e1.jpg.npy,dandelion
flowers\sunflower\a2b6819887.jpg.npy,sunflower
flowers\tulip\f2622e326853b602215518d2583fb5ba.jpg.npy,tulip
flowers\rose\valentines-day-concept-red-wine-bottle-red-roses-wooden-background-valentines-day-red-wine-bottle-red-roses-wooden-103362509.jpg.npy,rose
flowers\tulip\15662692824_aa6c0332c3_c.jpg.npy,tulip
flowers\tulip\2325178461_9c49b4db1b_c.jpg.npy,tulip
flowers\rose\6409000675_6eb6806e59.jpg.npy,rose
flowers\sunflower\image_05450.jpg.npy,sunflower
flowers\rose\2183357362_4b4da4b6b5.jpg.npy,rose
flowers\daisy\b02d7e19f8.jpg.npy,daisy
flowers\rose\165221695_09b9641c18_c.jpg.npy,rose
flowers\rose\953e6b5638.jpg.npy,rose
flowers\tulip\white-tulips-12679988.jpg.npy,tulip
flowers\sunflower\9a86ec2ada.jpg.npy,sunflower
flowers\rose\6207068192_7f2050c223_c.jpg.npy,rose
flowers\sunflower\IMG_4633.jpg.npy,sunflower
flowers\tulip\3502615974_ef4bd13202_n.jpg.npy,tulip
flowers\tulip\4be3d5f2a9.jpg.npy,tulip
flowers\rose\5193918046_d44e4fcd75_m.jpg.npy,rose
flowers\rose\32086153761_f26bfefa60_c.jpg.npy,rose
flowers\daisy\image_02290.jpg.npy,daisy
flowers\sunflower\6158050316_070c33f289_c.jpg.npy,sunflower
flowers\sunflower\images10.jpg.npy,sunflower
flowers\sunflower\2689228449_e0be72cf00_n.jpg.npy,sunflower
flowers\dandelion\3219faf3e0.jpg.npy,dandelion
flowers\rose\15060816740_68e1b2c31b.jpg.npy,rose
flowers\tulip\3408571559_80de106414_c.jpg.npy,tulip
flowers\sunflower\3912497870_a2f91c3a65_n.jpg.npy,sunflower
flowers\daisy\3474942718_c418dae6f1_jpg.rf.1039ee3fb840218566d30a0a6378821f.jpg.npy,daisy
flowers\tulip\12025042086_78bafc0eb6_n.jpg.npy,tulip
flowers\dandelion\6983120596_8b9f084ac2_n.jpg.npy,dandelion
flowers\dandelion\14164868606_d1e38c9ab1_c.jpg.npy,dandelion
flowers\rose\681024715_3b0721b76a_c.jpg.npy,rose
flowers\sunflower\sunflower-7034110.jpg.npy,sunflower
flowers\tulip\4550313191_a726b8e1ef_c.jpg.npy,tulip
flowers\tulip\145908032_e02fcec27e_c.jpg.npy,tulip
flowers\rose\19972099038_f07285fbd7_c.jpg.npy,rose
flowers\sunflower\4895720722_8247f2015b_n.jpg.npy,sunflower
flowers\daisy\4610018126_21f438d2dc_m_jpg.rf.fbb9ef5f8aa8cd5be789d3f90c3de2fb.jpg.npy,daisy
flowers\rose\3622035393_dc874a4730_c.jpg.npy,rose
flowers\sunflower\5738580862_e128192f75.jpg.npy,sunflower
flowers\rose\34982979435_5a7b2f49f2_c.jpg.npy,rose
flowers\rose\champagne-roses-22971501.jpg.npy,rose
flowers\daisy\4208dc654435fdcce6251173b3a053c1.jpg.npy,daisy
flowers\tulip\13433150085_7f61aa1aa5_c.jpg.npy,tulip
flowers\dandelion\8661256744_7e351b6a55_c.jpg.npy,dandelion
flowers\dandelion\1286691e69.jpg.npy,dandelion
flowers\rose\8143760507_98dc9e82fc_c.jpg.npy,rose
flowers\tulip\5875946787_320cdb27a3_c.jpg.npy,tulip
flowers\sunflower\21697858814_1c0e0c53e4_c.jpg.npy,sunflower
flowers\dandelion\7132605107_f5e033d725_n.jpg.npy,dandelion
flowers\sunflower\16188181233_e3a538bfbe_c.jpg.npy,sunflower
flowers\daisy\macro-daisy-blue-14314023.jpg.npy,daisy
flowers\rose\130068992_b1edd7bf54_c.jpg.npy,rose
flowers\sunflower\sunflower-3782375.jpg.npy,sunflower
flowers\rose\16157873719_bf0bdf8558_n.jpg.npy,rose
flowers\sunflower\sunflower-10853658.jpg.npy,sunflower
flowers\tulip\ec67a99667.jpg.npy,tulip
flowers\daisy\2509545845_99e79cb8a2_n.jpg.npy,daisy
flowers\dandelion\2533108352_32b3da279e_c.jpg.npy,dandelion
flowers\sunflower\sunflower-field-2685013.jpg.npy,sunflower
flowers\sunflower\5928619901_0bf0046534_c.jpg.npy,sunflower
flowers\rose\20727863642_b5a32441a1_c.jpg.npy,rose
flowers\dandelion\b79b10da3f.jpg.npy,dandelion
flowers\tulip\95802a503c.jpg.npy,tulip
flowers\dandelion\17075803866_aeeded2637.jpg.npy,dandelion
flowers\sunflower\34d65ff90d.jpg.npy,sunflower
flowers\dandelion\4629844753_4e02015d29_m.jpg.npy,dandelion
flowers\rose\ebfa027713.jpg.npy,rose
flowers\rose\5001846963_595da3a5a3_n.jpg.npy,rose
flowers\rose\8277713612_9a13d37b78_c.jpg.npy,rose
flowers\daisy\2607132536_d95198e619_n.jpg.npy,daisy
flowers\daisy\9244082319_b1f7e2d8b0_n.jpg.npy,daisy
flowers\rose\1161454912_5c51bd8ff9_c.jpg.npy,rose
flowers\tulip\2515093296_fb5414fcc3_c.jpg.npy,tulip
flowers\rose\26795372474_9532d1c37b_c.jpg.npy,rose
flowers\dandelion\4491314947_e8823f05c3_c.jpg.npy,dandelion
flowers\sunflower\3a4bd64dba529fb1d26e4f268f8d190f.jpg.npy,sunflower
flowers\dandelion\1128626197_3f52424215_n.jpg.npy,dandelion
flowers\rose\bouquet-roses-12965775.jpg.npy,rose
flowers\tulip\beautiful-spring-tulips-white-background-top-view-beautiful-spring-tulips-white-background-top-view-international-women-s-139204807.jpg.npy,tulip
flowers\sunflower\28266059158_d6388c41fa_c.jpg.npy,sunflower
flowers\dandelion\2440644041_439c5857b9_c.jpg.npy,dandelion
flowers\daisy\8383753520_8391dd80ee_m_jpg.rf.2e32ba0005b227598b545a1539d49d06.jpg.npy,daisy
flowers\sunflower\34695605616_3b05bb1ef5_c.jpg.npy,sunflower
flowers\rose\29019347750_06621fb6bf_c.jpg.npy,rose
flowers\daisy\8882282142_9be2524d38_m_jpg.rf.620bfe107fadbe449ecb2411a2b4313a.jpg.npy,daisy
flowers\tulip\ffc84a9127.jpg.npy,tulip
flowers\rose\bouquet-red-roses-2426243.jpg.npy,rose
flowers\tulip\2468677508_093efed4df_c.jpg.npy,tulip
flowers\rose\24346787480_cb0bb7a461_c.jpg.npy,rose
flowers\rose\19823402005_2db025dd66_m.jpg.npy,rose
flowers\daisy\72.jpg.npy,daisy
flowers\daisy\34661399476_9ea7e2fd53_n_jpg.rf.028428b56df5c7c9da2fd5956e9d8e5a.jpg.npy,daisy
flowers\daisy\2.jpg.npy,daisy
flowers\dandelion\e8004689d8.jpg.npy,dandelion
flowers\sunflower\sunflower-724157.jpg.npy,sunflower
flowers\tulip\2422326836_7c1d5c0b6f_c.jpg.npy,tulip
flowers\sunflower\9246304620_768d1f54d7_n.jpg.npy,sunflower
flowers\rose\34483309581_1ef34389c5_c.jpg.npy,rose
flowers\sunflower\3950020811_dab89bebc0_n.jpg.npy,sunflower
flowers\tulip\16074109313_2cc14c7d16.jpg.npy,tulip
flowers\rose\6264159313_bfde17dbb9_c.jpg.npy,rose
flowers\sunflower\4746638094_f5336788a0_n.jpg.npy,sunflower
flowers\dandelion\26441552903_9b126262fc_c.jpg.npy,dandelion
flowers\sunflower\1571987189_30086.jpg.npy,sunflower
flowers\rose\bouquet-red-roses-37786362.jpg.npy,rose
flowers\tulip\3335875115_0898dffa7d_c.jpg.npy,tulip
flowers\dandelion\33921174018_8730d869b7_c.jpg.npy,dandelion
flowers\sunflower\99d1d96e6d.jpg.npy,sunflower
flowers\sunflower\54dccd864e.jpg.npy,sunflower
flowers\rose\2480343052_ddd3fedd53_c.jpg.npy,rose
flowers\dandelion\3483575184_cb8d16a083_n.jpg.npy,dandelion
flowers\tulip\12986871263_639e5e5d72_c.jpg.npy,tulip
flowers\daisy\17357636476_1953c07aa4_n_jpg.rf.3594116374e1caa452187a55d6a9627e.jpg.npy,daisy
flowers\daisy\11023214096_b5b39fab08_jpg.rf.fc6eb7797e7c5f0dc7631cf6871a4c57.jpg.npy,daisy
flowers\rose\5863698305_04a4277401_n.jpg.npy,rose
flowers\sunflower\botanikfoto-475164-LOptimized.jpg.npy,sunflower
flowers\rose\32919174140_6643d70a1f_c.jpg.npy,rose
flowers\tulip\13936958633_304ddb860f_c.jpg.npy,tulip
flowers\rose\beautiful-rose-flower-blooming-summer-garden-roses-growing-outdoors-nature-blossoming-flower-art-design-wide-format-banner-119136417.jpg.npy,rose
flowers\tulip\65bd876988490d27a919f0b2f0bfc443.jpg.npy,tulip
flowers\dandelion\6983113346_21551e1b52_n.jpg.npy,dandelion
flowers\rose\02f6055735.jpg.npy,rose
flowers\tulip\5700576160_7f521aee82_c.jpg.npy,tulip
flowers\rose\15263487102_72ea5e8bd9_c.jpg.npy,rose
flowers\tulip\71fa6cf85f.jpg.npy,tulip
flowers\rose\5693492187_dc46424be3_n.jpg.npy,rose
flowers\sunflower\3732842765_a405d0d63b_c.jpg.npy,sunflower
flowers\dandelion\55.jpg.npy,dandelion
flowers\sunflower\sunflower-summer-landscape-2742223.jpg.npy,sunflower
flowers\sunflower\kzttpb1xg6.jpg.npy,sunflower
flowers\rose\a2a0b5c681.jpg.npy,rose
flowers\daisy\13583238844_573df2de8e_m.jpg.npy,daisy
flowers\rose\1949195327_75f76c12b1.jpg.npy,rose
flowers\sunflower\253586685_ee5b5f5232.jpg.npy,sunflower
flowers\tulip\4442928974_9672d630b2_n.jpg.npy,tulip
flowers\rose\35138711284_0c6ff40063_c.jpg.npy,rose
flowers\dandelion\13651218133_b6eb8e7ed2_m.jpg.npy,dandelion
flowers\tulip\5649315898_30c83ca27c_c.jpg.npy,tulip
flowers\rose\pink-roses-450285.jpg.npy,rose
flowers\daisy\4496202781_1d8e776ff5_n.jpg.npy,daisy
flowers\tulip\tulips-533899.jpg.npy,tulip
flowers\sunflower\7270375648_79f0caef42_n.jpg.npy,sunflower
flowers\tulip\14221947424_4ff2e3ddf1_c.jpg.npy,tulip
flowers\daisy\147068564_32bb4350cc_jpg.rf.c0409a188e98402347e451b39f87f851.jpg.npy,daisy
flowers\dandelion\28144375088_f1594b527b_c.jpg.npy,dandelion
flowers\rose\pink-roses-three-beautiful-white-background-32670387.jpg.npy,rose
flowers\sunflower\images47.jpg.npy,sunflower
flowers\daisy\african-daisy-581023.jpg.npy,daisy
flowers\daisy\image_02226.jpg.npy,daisy
flowers\dandelion\5862288632_1df5eb6dd0.jpg.npy,dandelion
flowers\daisy\68a86e4b41.jpg.npy,daisy
flowers\sunflower\5337859511_05e27f36f2_c.jpg.npy,sunflower
flowers\daisy\4268817944_cdbdb226ae.jpg.npy,daisy
flowers\dandelion\3761310831_41b5eba622_n.jpg.npy,dandelion
flowers\sunflower\annual-sunflower-400x266.jpg.npy,sunflower
flowers\sunflower\Sunflower-Fields-Near-Chicago.jpg.npy,sunflower
flowers\sunflower\image_05422.jpg.npy,sunflower
flowers\tulip\tulips-sheet-music-pink-yellow-lying-40731462.jpg.npy,tulip
flowers\rose\2d6d4acb22.jpg.npy,rose
flowers\dandelion\8df0fca31e.jpg.npy,dandelion
flowers\sunflower\29996904345_1c57357567_c.jpg.npy,sunflower
flowers\rose\two-white-roses-isolated-background-85949812.jpg.npy,rose
flowers\rose\8713901744_c9bb7e6563_c.jpg.npy,rose
flowers\dandelion\11405573_24a8a838cc_n.jpg.npy,dandelion
flowers\sunflower\7672205_9fa68c871f_c.jpg.npy,sunflower
flowers\rose\28482693215_fcf0b41e36_c.jpg.npy,rose
flowers\rose\41d203aca6.jpg.npy,rose
flowers\sunflower\4832688133_78111dd9c7_c.jpg.npy,sunflower
flowers\tulip\171426499_77e167683b_c.jpg.npy,tulip
flowers\tulip\5678377397_b58beed418_c.jpg.npy,tulip
flowers\tulip\14190396837_f43efc3e7e_c.jpg.npy,tulip
flowers\sunflower\2706736074_b0fba20b3e.jpg.npy,sunflower
flowers\sunflower\7129765621_e85fca6472_c.jpg.npy,sunflower
flowers\tulip\16576330933_c4fa5e4e16_c.jpg.npy,tulip
flowers\rose\9185768268_1e48d4d119_c.jpg.npy,rose
flowers\tulip\db14ed8c5a.jpg.npy,tulip
flowers\tulip\f0850bed20.jpg.npy,tulip
flowers\rose\2473575245_bd587a1718_c.jpg.npy,rose
flowers\daisy\7335886184_d06a83f640.jpg.npy,daisy
flowers\rose\3923851602_53eac9e733_c.jpg.npy,rose
flowers\tulip\a82f0eaaa0.jpg.npy,tulip
flowers\sunflower\bebf2ba911.jpg.npy,sunflower
flowers\dandelion\15644450971_6a28298454_n.jpg.npy,dandelion
flowers\sunflower\2443921986_d4582c123a.jpg.npy,sunflower
flowers\rose\bouquet-white-pink-roses-13453809.jpg.npy,rose
flowers\rose\543488055_2e973307b7_c.jpg.npy,rose
flowers\tulip\line-yellow-tulips-2099759.jpg.npy,tulip
flowers\tulip\9080296693_14e64ace98_c.jpg.npy,tulip
flowers\sunflower\5629652231_80e406219f_c.jpg.npy,sunflower
flowers\rose\6841548925_ba1149c089_c.jpg.npy,rose
flowers\tulip\13724298105_956ba42378_c.jpg.npy,tulip
flowers\tulip\7042692841_f323799c0d.jpg.npy,tulip
flowers\rose\image_01197.jpg.npy,rose
flowers\dandelion\26192977426_7bc81875d6_c.jpg.npy,dandelion
flowers\rose\3550491463_3eb092054c_m.jpg.npy,rose
flowers\sunflower\14832734783_c59615ecee_c.jpg.npy,sunflower
flowers\rose\roses-soft-focus-20010208.jpg.npy,rose
flowers\daisy\34729724865_787c98299d_n_jpg.rf.0bc876fa938ab579ecb3f9632c9e4e07.jpg.npy,daisy
flowers\sunflower\107073102_bd8b40b24c_c.jpg.npy,sunflower
flowers\sunflower\19453165201_2aa747e0bf.jpg.npy,sunflower
flowers\dandelion\425800274_27dba84fac_n.jpg.npy,dandelion
flowers\dandelion\dandelion-loosing-seeds-wind-40841907.jpg.npy,dandelion
flowers\dandelion\5675705011_82729927ca_c.jpg.npy,dandelion
flowers\sunflower\5956627147_4d51393479_n.jpg.npy,sunflower
flowers\sunflower\21984860006_20dfacea1c_m.jpg.npy,sunflower
flowers\tulip\spring-tulips-flowers-copy-space-your-message-39138028.jpg.npy,tulip
flowers\tulip\12025038686_7f10811d4b_n.jpg.npy,tulip
flowers\daisy\3337643329_accc9b5426.jpg.npy,daisy
flowers\daisy\7410356270_9dff4d0e2e_n.jpg.npy,daisy
flowers\daisy\2612704455_efce1c2144_m.jpg.npy,daisy
flowers\sunflower\14530728234_4d3a75e1e1_c.jpg.npy,sunflower
flowers\sunflower\4864623927_a93b37bc9b_c.jpg.npy,sunflower
flowers\rose\beige-rose-flower-8076112.jpg.npy,rose
flowers\tulip\2327966382_35f177eaa0_c.jpg.npy,tulip
flowers\sunflower\4902138676_d2f73fba6f_c.jpg.npy,sunflower
flowers\rose\9113964404_4694096010_c.jpg.npy,rose
flowers\tulip\5691747335_897594f6ea_c.jpg.npy,tulip
flowers\sunflower\howsunflower.jpg.npy,sunflower
flowers\rose\921984328_a60076f070_m.jpg.npy,rose
flowers\sunflower\43872893685_7d8db819d9_c.jpg.npy,sunflower
flowers\dandelion\8a54572653.jpg.npy,dandelion
flowers\rose\15885312679_bda44ecf99_c.jpg.npy,rose
flowers\rose\26364141413_5a0b834126_c.jpg.npy,rose
flowers\daisy\3633489595_a037a9b7a4_m_jpg.rf.acf27a6f483a2da8fa852f2672fe6530.jpg.npy,daisy
flowers\rose\2480339898_a51209c653_c.jpg.npy,rose
flowers\tulip\17029220466_85005b24d2_c.jpg.npy,tulip
flowers\sunflower\sunflowers-field-many-yellow-52248430.jpg.npy,sunflower
flowers\tulip\pink-tulip-18575735.jpg.npy,tulip
flowers\dandelion\dandelion-wind-9243324.jpg.npy,dandelion
flowers\sunflower\29553688438_d065fc380e_c.jpg.npy,sunflower
flowers\tulip\2322670828_34115a7050.jpg.npy,tulip
flowers\dandelion\f1685fd21b.jpg.npy,dandelion
flowers\dandelion\2470913995_ed24771daa_c.jpg.npy,dandelion
flowers\sunflower\2849069651_59e0515815_c.jpg.npy,sunflower
flowers\dandelion\14366333352_6e67d10133_c.jpg.npy,dandelion
flowers\rose\set-white-roses-isolated-background-112668150.jpg.npy,rose
flowers\tulip\08fe04671b.jpg.npy,tulip
flowers\tulip\3998687441_edf6cd3fc5_c.jpg.npy,tulip
flowers\dandelion\2518321294_dde5aa7c20_m.jpg.npy,dandelion
flowers\sunflower\1217254584_4b3028b93d.jpg.npy,sunflower
flowers\tulip\14084749296_6143c74c72_m.jpg.npy,tulip
flowers\dandelion\1e6766cfd3.jpg.npy,dandelion
flowers\rose\5349251139_92539c279a_n.jpg.npy,rose
flowers\tulip\7d196978aa.jpg.npy,tulip
flowers\rose\295257304_de893fc94d.jpg.npy,rose
flowers\tulip\4586091602_f2524105f2_c.jpg.npy,tulip
flowers\sunflower\a0f1c8f6cb.jpg.npy,sunflower
flowers\sunflower\4e4655a58e.jpg.npy,sunflower
flowers\dandelion\image_06311.jpg.npy,dandelion
flowers\rose\2960709681_e95940c0f0_n.jpg.npy,rose
flowers\daisy\image_02193.jpg.npy,daisy
flowers\tulip\13832107344_ea6f03309a_c.jpg.npy,tulip
flowers\daisy\c8344a9adf.jpg.npy,daisy
flowers\rose\18741313803_1bbf842fc6_n.jpg.npy,rose
flowers\sunflower\7982138674_12af120d49_c.jpg.npy,sunflower
flowers\dandelion\5651310874_c8be336c2b.jpg.npy,dandelion
flowers\rose\af3dbf8d2d.jpg.npy,rose
flowers\dandelion\beautiful-dandelion-flowers-flying-feathers-turquoise-background-vintage-card-macro-70932538.jpg.npy,dandelion
flowers\sunflower\2854539987_7e89e1cbd1_c.jpg.npy,sunflower
flowers\tulip\14024864234_713158c27f_n.jpg.npy,tulip
flowers\rose\pink-roses-27826805.jpg.npy,rose
flowers\rose\pink-flowers-roses-background-50386118.jpg.npy,rose
flowers\tulip\4f1648053aae492465ed657aebbc9c24.jpg.npy,tulip
flowers\dandelion\16713229021_bea2533981_n.jpg.npy,dandelion
flowers\tulip\13561908485_7e4f8d508b.jpg.npy,tulip
flowers\tulip\7135848897_c632737e41_c.jpg.npy,tulip
flowers\daisy\18442919723_d1251d3e14_n.jpg.npy,daisy
flowers\rose\4066363089_77fd8ee14d_c.jpg.npy,rose
flowers\daisy\red-daisy-flower-some-petals-off-white-background-47777306.jpg.npy,daisy
flowers\tulip\41acb54075decdbc2f26038b484c43b4.jpg.npy,tulip
flowers\rose\6950609394_c53b8c6ac0_m.jpg.npy,rose
flowers\rose\37236772855_68eb9305b4_c.jpg.npy,rose
flowers\sunflower\14266917699_91b207888e.jpg.npy,sunflower
flowers\tulip\8605564823_7a59d3d92a.jpg.npy,tulip
flowers\tulip\20692436712_75b2deaedf_n.jpg.npy,tulip
flowers\rose\image_01174.jpg.npy,rose
flowers\tulip\13472393854_b2530f7029_n.jpg.npy,tulip
flowers\daisy\c44bfe62fcd5b9fadc8c4ac01d16b99c.jpg.npy,daisy
flowers\daisy\3764116502_f394428ee0_n_jpg.rf.532e05e556e52945e445d31236e71887.jpg.npy,daisy
flowers\daisy\4727955343_0bb23ac4ae.jpg.npy,daisy
flowers\sunflower\5293283002_9b17f085f7_m.jpg.npy,sunflower
flowers\dandelion\27.jpg.npy,dandelion
flowers\rose\pink-yellow-roses-13159629.jpg.npy,rose
flowers\tulip\14142149593_272a704e06_c.jpg.npy,tulip
flowers\tulip\16567621146_aaaa8ff685_c.jpg.npy,tulip
flowers\rose\8085839926_8b7f98d0ff_c.jpg.npy,rose
flowers\sunflower\34712801396_3f8bedab31_c.jpg.npy,sunflower
flowers\sunflower\f43c9a186c.jpg.npy,sunflower
flowers\tulip\a69d0248e8.jpg.npy,tulip
flowers\sunflower\6436167049_65cafb0a65_c.jpg.npy,sunflower
flowers\rose\18ae545f02.jpg.npy,rose
flowers\dandelion\21194428206_514b9898aa_c.jpg.npy,dandelion
flowers\sunflower\images8.jpg.npy,sunflower
flowers\daisy\14221848160_7f0a37c395.jpg.npy,daisy
flowers\daisy\5434901893_4550be3f84_m.jpg.npy,daisy
flowers\rose\multi-coloured-roses-background-close-up-brightly-79919666.jpg.npy,rose
flowers\daisy\7188513571_c8527b123a_n_jpg.rf.e597de60fe9d95bce7a000ea60c00b40.jpg.npy,daisy
flowers\rose\red-roses-3858072.jpg.npy,rose
flowers\sunflower\6198569587_23c3693328_m.jpg.npy,sunflower
flowers\sunflower\5982626867_594c73207e_c.jpg.npy,sunflower
flowers\tulip\3349270403_2a201e5ab0_c.jpg.npy,tulip
flowers\dandelion\7217461808_ff5aeb1e85_c.jpg.npy,dandelion
flowers\daisy\3483303007_42e3f90da7_jpg.rf.53b0fb57d8eeddef588a1b83ef179cce.jpg.npy,daisy
flowers\sunflower\image_05453.jpg.npy,sunflower
flowers\daisy\2551708158_1f10e81e11.jpg.npy,daisy
flowers\sunflower\4042816698_578a1d599e.jpg.npy,sunflower
flowers\dandelion\a96de5661f.jpg.npy,dandelion
flowers\rose\image_01265.jpg.npy,rose
flowers\sunflower\2833878778_ee438592a3_c.jpg.npy,sunflower
flowers\dandelion\315645471_dda66c6338_m.jpg.npy,dandelion
flowers\dandelion\141340262_ca2e576490.jpg.npy,dandelion
flowers\tulip\16862349256_0a1f91ab53.jpg.npy,tulip
flowers\sunflower\13539451565_7f06fd87b2_c.jpg.npy,sunflower
flowers\sunflower\164671753_ab36d9cbb7_n.jpg.npy,sunflower
flowers\sunflower\6813432722_ddc37cf48e_c.jpg.npy,sunflower
flowers\dandelion\16806466953_6b28458c36_c.jpg.npy,dandelion
flowers\dandelion\7808545612_546cfca610_m.jpg.npy,dandelion
flowers\sunflower\image_05411.jpg.npy,sunflower
flowers\daisy\7790614422_4557928ab9_n.jpg.npy,daisy
flowers\rose\160189097_7b64d32743_c.jpg.npy,rose
flowers\tulip\8759601388_36e2a50d98_n.jpg.npy,tulip
flowers\dandelion\8739657154_6db14796c9.jpg.npy,dandelion
flowers\daisy\4733590002_f6a70b4f48_n.jpg.npy,daisy
flowers\tulip\14094114202_4c1d7f1116.jpg.npy,tulip
flowers\rose\5634688563_78a0249e19_c.jpg.npy,rose
flowers\rose\8143761251_b8ab512642_c.jpg.npy,rose
flowers\sunflower\11779438744_3c68cd846b_c.jpg.npy,sunflower
flowers\daisy\19177263840_6a316ea639.jpg.npy,daisy
flowers\tulip\68293108c6.jpg.npy,tulip
flowers\daisy\6089825811_80f253fbe1.jpg.npy,daisy
flowers\dandelion\8db41f9a18.jpg.npy,dandelion
flowers\dandelion\3523808644_7c3922b1b3_c.jpg.npy,dandelion
flowers\rose\climbing-roses-red-over-wall-yellow-bricks-93800777.jpg.npy,rose
flowers\dandelion\46662820224_02af8779f4_c.jpg.npy,dandelion
flowers\sunflower\7305838118_8f5328aab8_c.jpg.npy,sunflower
flowers\tulip\tulips-beautiful-colorful-dutch-keukenhof-garden-netherlands-40253730.jpg.npy,tulip
flowers\tulip\cb9cce2bda5f0e7790e1095917c5420b.jpg.npy,tulip
flowers\rose\33bc693f89.jpg.npy,rose
flowers\dandelion\477316928_a70a31a704_m.jpg.npy,dandelion
flowers\tulip\0107f28735.jpg.npy,tulip
flowers\rose\17837765634_e021e18bce_c.jpg.npy,rose
flowers\rose\red-roses-bouquet-red-wine-bottle-white-background-st-valentine-s-day-present-empty-space-red-roses-bouquet-red-wine-106719002.jpg.npy,rose
flowers\tulip\4cb3161bd0.jpg.npy,tulip
flowers\rose\8671682526_7058143c99.jpg.npy,rose
flowers\sunflower\36376545006_5f2daa8a58_c.jpg.npy,sunflower
flowers\sunflower\image.jpg.npy,sunflower
flowers\daisy\gerber-daisy-15404463.jpg.npy,daisy
flowers\daisy\14816364517_2423021484_m.jpg.npy,daisy
flowers\tulip\4589624702_b6baa83699_m.jpg.npy,tulip
flowers\dandelion\a4827d6e7d.jpg.npy,dandelion
flowers\rose\5726781525_a8ebf6c1f9_c.jpg.npy,rose
flowers\dandelion\4510350093_3700064215.jpg.npy,dandelion
flowers\rose\2886599218_c49d658efc_c.jpg.npy,rose
flowers\dandelion\8096679890_eb367ed1a6_c.jpg.npy,dandelion
flowers\daisy\18635898912_eb8e058ef0_jpg.rf.cef8dc52f4536ec2154616862a2e28c3.jpg.npy,daisy
flowers\tulip\26370713202_e011b2d5d7_c.jpg.npy,tulip
flowers\rose\931a24f1e5.jpg.npy,rose
flowers\tulip\14012727207_a62db0ef2f_c.jpg.npy,tulip
flowers\dandelion\8689302100_be76a16ccc_n.jpg.npy,dandelion
flowers\tulip\99d5cfddb0ecf9f623209fd7fd93dbf4.jpg.npy,tulip
flowers\dandelion\4756137539_f20d0ca518_c.jpg.npy,dandelion
flowers\tulip\13979840624_28466cb3ec_n.jpg.npy,tulip
flowers\daisy\172967318_c596d082cc.jpg.npy,daisy
flowers\rose\5960270643_1b8a94822e_m.jpg.npy,rose
flowers\sunflower\36578050065_61049551f9_c.jpg.npy,sunflower
flowers\dandelion\4632757134_40156d7d5b.jpg.npy,dandelion
flowers\sunflower\6077159674_65427628c0_c.jpg.npy,sunflower
flowers\dandelion\6120891079_ba945cfbab_c.jpg.npy,dandelion
flowers\tulip\8984a05e20.jpg.npy,tulip
flowers\tulip\tulips-flowers-spring-mother-s-day-wooden-board-copyspace-your-own-text-50366822.jpg.npy,tulip
flowers\tulip\6905876618_12732b74de_b.jpg.npy,tulip
flowers\dandelion\506659320_6fac46551e.jpg.npy,dandelion
flowers\sunflower\b6cb4d3c36.jpg.npy,sunflower
flowers\sunflower\21374127408_5ffbe87bb2.jpg.npy,sunflower
flowers\daisy\5794835_d15905c7c8_n_jpg.rf.9bd0ab510957d17519330fcf1e755d14.jpg.npy,daisy
flowers\dandelion\16657464774_ca86501423_c.jpg.npy,dandelion
flowers\sunflower\30293904528_5d534a4c5c_c.jpg.npy,sunflower
flowers\daisy\e3ea753ac5.jpg.npy,daisy
flowers\tulip\14487943607_651e8062a1_m.jpg.npy,tulip
flowers\tulip\8817622133_a42bb90e38_n.jpg.npy,tulip
flowers\sunflower\7857749950_e0e50e53a9_c.jpg.npy,sunflower
flowers\tulip\26350857964_2ba4921cb3_c.jpg.npy,tulip
flowers\daisy\5d3f7aaa2d.jpg.npy,daisy
flowers\dandelion\5655177340_78fc36ce59_m.jpg.npy,dandelion
flowers\tulip\white-tulips-13959687.jpg.npy,tulip
flowers\daisy\image_02207.jpg.npy,daisy
flowers\dandelion\42425724755_9c9be2acab_c.jpg.npy,dandelion
flowers\daisy\orange-daisy-flower-13484706.jpg.npy,daisy
flowers\rose\7033432165_20e53d6789_c.jpg.npy,rose
flowers\dandelion\8803742899_69105bde03_c.jpg.npy,dandelion
flowers\daisy\image_06217.jpg.npy,daisy
flowers\sunflower\9f70ac26a4.jpg.npy,sunflower
flowers\sunflower\877083343_e3338c4125.jpg.npy,sunflower
flowers\rose\image_01186.jpg.npy,rose
flowers\tulip\1b6a0de156.jpg.npy,tulip
flowers\tulip\16859971794_531987bfc2_c.jpg.npy,tulip
flowers\daisy\14167543177_cd36b54ac6_n_jpg.rf.c757ee324b9493996c5b4197acae67e9.jpg.npy,daisy
flowers\rose\3020532668_f26b44c678_c.jpg.npy,rose
flowers\sunflower\sunflower-1.jpg.npy,sunflower
flowers\dandelion\5673112305_02fe19297b_n.jpg.npy,dandelion
flowers\sunflower\6165833664_dc722e3e0f_c.jpg.npy,sunflower
flowers\sunflower\619c011fe6.jpg.npy,sunflower
flowers\tulip\27204994370_ff970ffa21_c.jpg.npy,tulip
flowers\daisy\14264136211_9531fbc144.jpg.npy,daisy
flowers\sunflower\15839183375_49bf4f75e8_m.jpg.npy,sunflower
flowers\rose\roses-412662.jpg.npy,rose
flowers\daisy\image_06210.jpg.npy,daisy
flowers\tulip\806ea5aa0b2258ce400147ffab053cef.jpg.npy,tulip
flowers\sunflower\2785760410_ca8ff4070c_c.jpg.npy,sunflower
flowers\dandelion\2509833178_35e1e7a97a_c.jpg.npy,dandelion
flowers\rose\5060536705_b370a5c543_n.jpg.npy,rose
flowers\rose\bf43b6ec459b8bb333707fd9f11bd142.jpg.npy,rose
flowers\dandelion\8842482175_92a14b4934_m.jpg.npy,dandelion
flowers\tulip\15173870512_949a00c8f3_c.jpg.npy,tulip
flowers\sunflower\6112349777_6444f101ac_c.jpg.npy,sunflower
flowers\dandelion\945c63c474.jpg.npy,dandelion
flowers\tulip\bd4713ef43abe9da92073f0b34c07c2a.jpg.npy,tulip
flowers\rose\2981783216_1e2e858a91_c.jpg.npy,rose
flowers\tulip\3537389234_58fd548cd4_c.jpg.npy,tulip
flowers\sunflower\2688586436_9062bcd446_c.jpg.npy,sunflower
flowers\tulip\58393956cc.jpg.npy,tulip
flowers\sunflower\1106558887_f33f5ef4b4_c.jpg.npy,sunflower
flowers\rose\30451315300_62f654558f_c.jpg.npy,rose
flowers\sunflower\sunflower-isolated-white-15327025.jpg.npy,sunflower
flowers\sunflower\sunflower-3499208.jpg.npy,sunflower
flowers\sunflower\29060890561_4dc84f18f4_c.jpg.npy,sunflower
flowers\sunflower\164668737_aeab0cb55e_n.jpg.npy,sunflower
flowers\sunflower\5af5df7500.jpg.npy,sunflower
flowers\rose\image_01175.jpg.npy,rose
flowers\dandelion\8497389500_45636fdd14.jpg.npy,dandelion
flowers\tulip\17053805085_947023e8a7_c.jpg.npy,tulip
flowers\tulip\486377394_97c7c8a104_c.jpg.npy,tulip
flowers\dandelion\5708719023_ef4cc56a8c_c.jpg.npy,dandelion
flowers\tulip\tulips-7895937.jpg.npy,tulip
flowers\sunflower\6148210239_d3f61b9907_c.jpg.npy,sunflower
flowers\sunflower\f95c039364577ff84082a968f98aae65.jpg.npy,sunflower
flowers\dandelion\4558562689_c8e2ab9f10.jpg.npy,dandelion
flowers\rose\2392457180_f02dab5c65.jpg.npy,rose
flowers\sunflower\images34.jpg.npy,sunflower
flowers\dandelion\92c005c4f1.jpg.npy,dandelion
flowers\sunflower\sunflower-field-8396577.jpg.npy,sunflower
flowers\dandelion\284497233_c19801752c.jpg.npy,dandelion
flowers\sunflower\26911925308_a650979f92_c.jpg.npy,sunflower
flowers\tulip\8623170936_83f4152431.jpg.npy,tulip
flowers\sunflower\2740478423_b12860a4a7_c.jpg.npy,sunflower
flowers\rose\7202205662_6bd0259962_c.jpg.npy,rose
flowers\rose\11944957684_2cc806276e.jpg.npy,rose
flowers\tulip\3472914254_b749939aa1_c.jpg.npy,tulip
flowers\daisy\6dcedf07124b6d8b4f8fdd542bfe85e4.jpg.npy,daisy
flowers\dandelion\22567a3551.jpg.npy,dandelion
flowers\dandelion\11240271406_996df75a91_c.jpg.npy,dandelion
flowers\tulip\5622840285_0620b1dec8_c.jpg.npy,tulip
flowers\tulip\tulips-4664775.jpg.npy,tulip
flowers\sunflower\241714531_61a097764a_c.jpg.npy,sunflower
flowers\daisy\452854574_59492f119a_m.jpg.npy,daisy
flowers\rose\26416956403_9b719e9791_c.jpg.npy,rose
flowers\sunflower\9ffea0df03.jpg.npy,sunflower
flowers\sunflower\19508264965_d1dfb565ea_n.jpg.npy,sunflower
flowers\rose\4008612916_480e352f58_c.jpg.npy,rose
flowers\tulip\9030467406_05e93ff171_n.jpg.npy,tulip
flowers\dandelion\14335561523_f847f2f4f1.jpg.npy,dandelion
flowers\sunflower\15218871222_c104032ca1.jpg.npy,sunflower
flowers\sunflower\395619830_d51544c95c_c.jpg.npy,sunflower
flowers\sunflower\27084002409_25f6145a64_c.jpg.npy,sunflower
flowers\daisy\18684594849_7dd3634f5e_n.jpg.npy,daisy
flowers\dandelion\13900486390_5a25785645_n.jpg.npy,dandelion
flowers\tulip\bouquet-beautiful-spring-tulips-vase-gift-box-marble-table-against-light-background-bouquet-beautiful-spring-139422183.jpg.npy,tulip
flowers\dandelion\8fd849ad73.jpg.npy,dandelion
flowers\daisy\77966e24660698bb6f2dc3d3013d2e0d.jpg.npy,daisy
flowers\dandelion\2465573725_d78caca9d4_n.jpg.npy,dandelion
flowers\dandelion\9d5e003ca87982127dd0f26ad98594e6.jpg.npy,dandelion
flowers\dandelion\7040710179_7f86a17a3c_n.jpg.npy,dandelion
flowers\sunflower\sunflower-f894a6fb2d42f3b38ed9dda71998ad8f9ce6a743-s800-c85.jpg.npy,sunflower
flowers\tulip\486896118_bcc7b8e1d6.jpg.npy,tulip
flowers\dandelion\4523239455_9c31a06aaf_n.jpg.npy,dandelion
flowers\rose\410421672_563550467c.jpg.npy,rose
flowers\daisy\3098641292_76c908ba1f_n.jpg.npy,daisy
flowers\daisy\10.jpg.npy,daisy
flowers\sunflower\8174972548_0051c2d431.jpg.npy,sunflower
flowers\tulip\7040098495_af7d650d2a_c.jpg.npy,tulip
flowers\daisy\daisy-6267485.jpg.npy,daisy
flowers\tulip\tulips-12757557.jpg.npy,tulip
flowers\tulip\2280950463_86510c2789_n.jpg.npy,tulip
flowers\sunflower\6183889222_688872bc58_c.jpg.npy,sunflower
flowers\tulip\6187740107_9813ccc41e.jpg.npy,tulip
flowers\rose\28850444270_34c40b28b4_c.jpg.npy,rose
flowers\tulip\75cd4a2f31a7c701e9125ee387538ce5.jpg.npy,tulip
flowers\dandelion\163702807_e508544acd_n.jpg.npy,dandelion
flowers\rose\15706629534_0cb152af50_c.jpg.npy,rose
flowers\sunflower\3718234597_709e74c127_c.jpg.npy,sunflower
flowers\dandelion\5705695593_d79286ac0d.jpg.npy,dandelion
flowers\rose\27321025035_de9321aeb1_c.jpg.npy,rose
flowers\daisy\2001380507_19488ff96a_n_jpg.rf.7bfb6e76fecb6af94545a85b3d46f922.jpg.npy,daisy
flowers\tulip\2430566689_8543552f9b.jpg.npy,tulip
flowers\tulip\875c4aaa42.jpg.npy,tulip
flowers\daisy\fc03ab1c8f.jpg.npy,daisy
flowers\dandelion\13881700933_69a750d418_n.jpg.npy,dandelion
flowers\sunflower\13a4331ac0.jpg.npy,sunflower
flowers\sunflower\14848521426_9c7616591e_c.jpg.npy,sunflower
flowers\sunflower\30724712552_c17f9b4995_c.jpg.npy,sunflower
flowers\daisy\34720703615_bdf1335d8b_n_jpg.rf.30a96201eb4d45669fa0d3415aa6a34f.jpg.npy,daisy
flowers\rose\26704287686_bf1188d00a_c.jpg.npy,rose
flowers\daisy\5665834973_76bd6c6523_m_jpg.rf.0968ac519bb7176d7ee4d31cecfa27ae.jpg.npy,daisy
flowers\dandelion\dandelion-12931311.jpg.npy,dandelion
flowers\daisy\child-s-hands-daisy-17924661.jpg.npy,daisy
flowers\tulip\14069914547_1fa90bec99_n.jpg.npy,tulip
flowers\dandelion\130733200_fbe28eea19.jpg.npy,dandelion
flowers\daisy\image_02266.jpg.npy,daisy
flowers\tulip\7101417673_82a3df9f19_c.jpg.npy,tulip
flowers\tulip\40707a75648dd11d38615ebdb1ef552a.jpg.npy,tulip
flowers\tulip\17167151059_a53bfe0b02.jpg.npy,tulip
flowers\sunflower\4846786944_2832c5c8b8.jpg.npy,sunflower
flowers\sunflower\22755811033_cd17b109e0.jpg.npy,sunflower
flowers\dandelion\15036754687_990c2c8be6_c.jpg.npy,dandelion
flowers\daisy\fresh-white-daisy-flowers-meadow-over-blue-sky-soft-focus-spring-time-season-floral-field-beautiful-nature-30230381.jpg.npy,daisy
flowers\tulip\171425055_a7df82f003_c.jpg.npy,tulip
flowers\dandelion\2536777329_76de1a8c12_c.jpg.npy,dandelion
flowers\tulip\96ce036a98.jpg.npy,tulip
flowers\rose\298670754_f25edda891.jpg.npy,rose
flowers\rose\yellow-roses-isolated-white-yellow-roses-isolated-white-background-100951204.jpg.npy,rose
flowers\daisy\00ab95b530.jpg.npy,daisy
flowers\daisy\image_02211.jpg.npy,daisy
flowers\daisy\red-gerbera-daisy-13933993.jpg.npy,daisy
flowers\dandelion\39795889240_8da4f93d67_c.jpg.npy,dandelion
flowers\sunflower\193878348_43571127b9_n.jpg.npy,sunflower
flowers\rose\roses-12414830.jpg.npy,rose
flowers\tulip\10163955604_ae0b830975_n.jpg.npy,tulip
flowers\rose\4607188752_514a1b0b11_c.jpg.npy,rose
flowers\tulip\7f28a2e81b82d3afe9a7bbcc3b225cde.jpg.npy,tulip
flowers\daisy\image_02260.jpg.npy,daisy
flowers\tulip\8698646950_5778f3f8a2_c.jpg.npy,tulip
flowers\tulip\500859607_33a7c0cd28_c.jpg.npy,tulip
flowers\rose\4553266758_09d4dbdac9_n.jpg.npy,rose
flowers\daisy\image_06227.jpg.npy,daisy
flowers\tulip\7069622551_348d41c327_n.jpg.npy,tulip
flowers\dandelion\37607568005_9f0e0c6c60_c.jpg.npy,dandelion
flowers\daisy\purple-daisy-18998846.jpg.npy,daisy
flowers\daisy\image_02220.jpg.npy,daisy
flowers\rose\25036282086_e5a9634785_c.jpg.npy,rose
flowers\rose\roses-5048509.jpg.npy,rose
flowers\daisy\33830843653_ee6d7989fa_n_jpg.rf.d52833e3fed789761ca2bbcd645a9fd3.jpg.npy,daisy
flowers\tulip\8000671848_fbc0621dab_c.jpg.npy,tulip
flowers\rose\185017045_ebe98b7e9c_c.jpg.npy,rose
flowers\rose\16391880567_ff9e7894b6_c.jpg.npy,rose
flowers\dandelion\7228660514_4075e19366_c.jpg.npy,dandelion
flowers\rose\rose-flower-500x500.jpg.npy,rose
flowers\dandelion\27425059716_98956cd00f_c.jpg.npy,dandelion
flowers\rose\5273722065_c85d8543c2_m.jpg.npy,rose
flowers\sunflower\15973657966_d6f6005539_n.jpg.npy,sunflower
flowers\tulip\4553203984_9cb9312240_n.jpg.npy,tulip
flowers\dandelion\2635422362_a1bf641547_m.jpg.npy,dandelion
flowers\tulip\8ef3846189.jpg.npy,tulip
flowers\daisy\804b8e2ead110582d2bcc58259598a42.jpg.npy,daisy
flowers\daisy\4851353993_2cbbbd1040_n_jpg.rf.1321e46603e5be2e2ccca1a69443d596.jpg.npy,daisy
flowers\sunflower\5961036774_b80ddcc46a_c.jpg.npy,sunflower
flowers\rose\751944138_a3260b122d_c.jpg.npy,rose
flowers\tulip\red-tulips-field-background-52624172.jpg.npy,tulip
flowers\sunflower\388c789171.jpg.npy,sunflower
flowers\sunflower\54a4d05862b07aeac3f59faadbf7ddb0.jpg.npy,sunflower
flowers\tulip\3213012716_b4c0f7db88.jpg.npy,tulip
flowers\dandelion\21363721952_044a286f88_c.jpg.npy,dandelion
flowers\rose\7159688332_e89201a216_c.jpg.npy,rose
flowers\dandelion\4567675999_a34425908e_c.jpg.npy,dandelion
flowers\dandelion\5322874020_28b5c70205_c.jpg.npy,dandelion
flowers\tulip\pink-tulip-flower-beauty-16286584.jpg.npy,tulip
flowers\daisy\3.jpg.npy,daisy
flowers\sunflower\7481330676_8be0135d25_c.jpg.npy,sunflower
flowers\rose\red-roses-black-background-58678507.jpg.npy,rose
flowers\rose\16552686350_db8db55cd2.jpg.npy,rose
flowers\sunflower\growing-sunflowers.jpg.npy,sunflower
flowers\sunflower\5acc8e0cf4.jpg.npy,sunflower
flowers\dandelion\22.jpg.npy,dandelion
flowers\rose\21175691410_306eb948cc_c.jpg.npy,rose
flowers\daisy\image_02209.jpg.npy,daisy
flowers\sunflower\isolated-sunflower-10299889.jpg.npy,sunflower
flowers\tulip\5718512292_aa50a9a473_n.jpg.npy,tulip
flowers\sunflower\5028817729_f04d32bac8_n.jpg.npy,sunflower
flowers\sunflower\18972803569_1a0634f398_m.jpg.npy,sunflower
flowers\dandelion\3475811950_0fb89845f5_n.jpg.npy,dandelion
flowers\sunflower\sunflower-3549702.jpg.npy,sunflower
flowers\daisy\image_02206.jpg.npy,daisy
flowers\tulip\26598142995_c124acc639_c.jpg.npy,tulip
flowers\daisy\c4d14f9bc5.jpg.npy,daisy
flowers\sunflower\880765266_0c992397ec_c.jpg.npy,sunflower
flowers\daisy\476856232_7c35952f40_n.jpg.npy,daisy
flowers\tulip\2490182031_777c661c08_c.jpg.npy,tulip
flowers\sunflower\3787885972_b735900bfe_c.jpg.npy,sunflower
flowers\daisy\3900172983_9312fdf39c_n_jpg.rf.e9823df4dc4aa648a5fa54130914afea.jpg.npy,daisy
flowers\daisy\7133935763_82b17c8e1b_n.jpg.npy,daisy
flowers\sunflower\4827498255_164dec1514_c.jpg.npy,sunflower
flowers\dandelion\18089878729_907ed2c7cd_m.jpg.npy,dandelion
flowers\dandelion\67.jpg.npy,dandelion
flowers\dandelion\15987457_49dc11bf4b.jpg.npy,dandelion
flowers\sunflower\17.jpg.npy,sunflower
flowers\daisy\8696022686_1f8d62c5cb_m.jpg.npy,daisy
flowers\dandelion\14196078241_2ecbf9996a_c.jpg.npy,dandelion
flowers\daisy\5561775629_a2b709b3a4_n_jpg.rf.7d0430af0f9de4238a59ae8448bbb9ad.jpg.npy,daisy
flowers\rose\8011324647_8d0eeb81f2_c.jpg.npy,rose
flowers\sunflower\4011943287_16cbc215ce_c.jpg.npy,sunflower
flowers\sunflower\45045005_57354ee844.jpg.npy,sunflower
flowers\daisy\9350942387_5b1d043c26_n.jpg.npy,daisy
flowers\tulip\4522153453_06437ca3af_m.jpg.npy,tulip
flowers\rose\square-white-frame-pink-roses-background-beautiful-flower-arrangement-your-design-178867816.jpg.npy,rose
flowers\sunflower\14835369650_f6486928b9_c.jpg.npy,sunflower
flowers\rose\6048819631_69c253876a_c.jpg.npy,rose
flowers\daisy\11870378973_2ec1919f12_jpg.rf.388336060c2c2e61e24b22fff248b71e.jpg.npy,daisy
flowers\rose\35538488514_fd7f6c1b2a_c.jpg.npy,rose
flowers\sunflower\15037552819_5645d061fc_c.jpg.npy,sunflower
flowers\dandelion\527822813_7a1c4aea97_c.jpg.npy,dandelion
flowers\rose\5001852101_877cb2ae9b_n.jpg.npy,rose
flowers\dandelion\14399230879_7a0e03e707_c.jpg.npy,dandelion
flowers\daisy\daisy-14195.jpg.npy,daisy
flowers\sunflower\dfe83986e2.jpg.npy,sunflower
flowers\dandelion\4494589133_e76bfaa216_c.jpg.npy,dandelion
flowers\sunflower\7915e231b3e6186403de1f560eeb9a95.jpg.npy,sunflower
flowers\dandelion\34700475225_fbc12d0834_n.jpg.npy,dandelion
flowers\sunflower\30131718848_18cccc7b3f_c.jpg.npy,sunflower
flowers\sunflower\7176736574_14446539cb_n.jpg.npy,sunflower
flowers\daisy\1140299375_3aa7024466.jpg.npy,daisy
flowers\daisy\301964511_fab84ea1c1_jpg.rf.ec729cfd3140af0168e81678da6354c8.jpg.npy,daisy
flowers\sunflower\de8ff62ffb.jpg.npy,sunflower
flowers\tulip\13857267684_d2a4b2630f_n.jpg.npy,tulip
flowers\dandelion\e653e832e4.jpg.npy,dandelion
flowers\sunflower\4914793782_d0ea760791.jpg.npy,sunflower
flowers\tulip\13997627965_22d81601ce_n.jpg.npy,tulip
flowers\tulip\13510068773_c925c5517c.jpg.npy,tulip
flowers\daisy\white-daisy-isolated-13712839.jpg.npy,daisy
flowers\dandelion\23192507093_2e6ec77bef_n.jpg.npy,dandelion
flowers\rose\32183418971_8e0a644c06_c.jpg.npy,rose
flowers\daisy\147068564_32bb4350cc.jpg.npy,daisy
flowers\rose\22222379161_40b3088968_c.jpg.npy,rose
flowers\daisy\image_06224.jpg.npy,daisy
flowers\rose\34407923924_5a1b8ece2b_c.jpg.npy,rose
flowers\rose\de797fa63b.jpg.npy,rose
flowers\tulip\2426573912_3b445cb9b0_c.jpg.npy,tulip
flowers\daisy\3504430338_77d6a7fab4_n.jpg.npy,daisy
flowers\daisy\33814092924_b23d019011_n.jpg.npy,daisy
flowers\sunflower\sunflowers-supergenes-and-evolution-337200.jpg.npy,sunflower
flowers\rose\3268459296_a7346c6b2c.jpg.npy,rose
flowers\tulip\171423959_764f705df5_c.jpg.npy,tulip
flowers\daisy\34670512115_af22cce24d_n_jpg.rf.45b8802b71e44e999afd10e1622e6b4e.jpg.npy,daisy
flowers\sunflower\5349202364_1388827c86_c.jpg.npy,sunflower
flowers\sunflower\5164288404_fe2430ab4d_c.jpg.npy,sunflower
flowers\dandelion\36557949054_3c67b7bdaa_c.jpg.npy,dandelion
flowers\daisy\54377391_15648e8d18_jpg.rf.0682c647238b08b21bf798899743b3c4.jpg.npy,daisy
flowers\tulip\5832456201_f98ec10d6b_c.jpg.npy,tulip
flowers\daisy\34701198765_54aa641d7a_n.jpg.npy,daisy
flowers\dandelion\cded3072ed.jpg.npy,dandelion
flowers\daisy\10466558316_a7198b87e2.jpg.npy,daisy
flowers\tulip\14027372499_30f934d24f_m.jpg.npy,tulip
flowers\sunflower\14420385577_aac166c192_c.jpg.npy,sunflower
flowers\dandelion\253410b016.jpg.npy,dandelion
flowers\sunflower\15061457701_22fa1ffdb6_c.jpg.npy,sunflower
flowers\rose\4393453463_356b3a63c2_c.jpg.npy,rose
flowers\rose\32752955803_d426f6b478_c.jpg.npy,rose
flowers\dandelion\5630950024_d97f162f7e_c.jpg.npy,dandelion
flowers\daisy\image_02221.jpg.npy,daisy
flowers\dandelion\22376600444_e54579503c_c.jpg.npy,dandelion
flowers\daisy\14907815010_bff495449f.jpg.npy,daisy
flowers\tulip\25885579914_18a2cfd716_c.jpg.npy,tulip
flowers\dandelion\29138994986_267e0e36c9_n.jpg.npy,dandelion
flowers\sunflower\606059227_8010e81b62_c.jpg.npy,sunflower
flowers\sunflower\9904049374_88da37aef0_c.jpg.npy,sunflower
flowers\tulip\a8743abaf7.jpg.npy,tulip
flowers\rose\29811348836_ab69262630_c.jpg.npy,rose
flowers\sunflower\14531944205_d6129c36bd_c.jpg.npy,sunflower
flowers\sunflower\2588234269_c4bfd0d8b9_n.jpg.npy,sunflower
flowers\sunflower\sunflower-care-guide-hero.jpg.npy,sunflower
flowers\sunflower\4817883685_1fe396b13a_c.jpg.npy,sunflower
flowers\dandelion\33851560384_d2e7d933db_n.jpg.npy,dandelion
flowers\dandelion\a010813452.jpg.npy,dandelion
flowers\rose\30871984536_00dd44a517_c.jpg.npy,rose
flowers\dandelion\3517492544_0fd3ed6a66_m.jpg.npy,dandelion
flowers\rose\image_01244.jpg.npy,rose
flowers\dandelion\c184ccbe3a.jpg.npy,dandelion
flowers\dandelion\2437159929_3cb99783be_c.jpg.npy,dandelion
flowers\rose\4eb26596c3.jpg.npy,rose
flowers\sunflower\054562bc93.jpg.npy,sunflower
flowers\sunflower\3703447896_672399cbd5_c.jpg.npy,sunflower
flowers\rose\images0 5.12.05 PM.jpg.npy,rose
flowers\tulip\467326548_f249777226_c.jpg.npy,tulip
flowers\tulip\5467324449_6a1d43bb18_c.jpg.npy,tulip
flowers\rose\13967628989_406313b33c_c.jpg.npy,rose
flowers\dandelion\4500964841_b1142b50fb_n.jpg.npy,dandelion
flowers\sunflower\36524316142_93f1f03047_c.jpg.npy,sunflower
flowers\dandelion\4601339641_7df7638cb7_c.jpg.npy,dandelion
flowers\dandelion\27072725135_992a891d76_c.jpg.npy,dandelion
flowers\rose\image_01188.jpg.npy,rose
flowers\sunflower\14729633885_98ea14fb5d_c.jpg.npy,sunflower
flowers\rose\7551637034_55ae047756_n.jpg.npy,rose
flowers\rose\21645654968_994b86d5db_c.jpg.npy,rose
flowers\sunflower\image_05437.jpg.npy,sunflower
flowers\daisy\8710109684_e2c5ef6aeb_n_jpg.rf.80bbbff072d206b14d3afc4efa2c1f07.jpg.npy,daisy
flowers\sunflower\20095024563_15f79e235a_c.jpg.npy,sunflower
flowers\daisy\78f5684d8b.jpg.npy,daisy
flowers\daisy\10993818044_4c19b86c82_jpg.rf.07cd99c1a395a06f3004281e00de6e54.jpg.npy,daisy
flowers\daisy\image_06209.jpg.npy,daisy
flowers\sunflower\4895718876_0246882882_n.jpg.npy,sunflower
flowers\tulip\6970683464_f70838ca3a_n.jpg.npy,tulip
flowers\rose\3747927271_6955aa40b8_c.jpg.npy,rose
flowers\daisy\3639009391_0f910681b7.jpg.npy,daisy
flowers\tulip\db264fb1f0.jpg.npy,tulip
flowers\tulip\4508346090_a27b988f79_n.jpg.npy,tulip
flowers\rose\3065719996_c16ecd5551.jpg.npy,rose
flowers\rose\1788484468_f73afa6c32_n.jpg.npy,rose
flowers\tulip\9947374414_fdf1d0861c_n.jpg.npy,tulip
flowers\dandelion\5878390200_b8c86410de_c.jpg.npy,dandelion
flowers\dandelion\33071081032_a6a1e4b311_n.jpg.npy,dandelion
flowers\dandelion\8775145746_669763549a_c.jpg.npy,dandelion
flowers\sunflower\14623719696_1bb7970208_n.jpg.npy,sunflower
flowers\sunflower\9538283930_0faea083bb_n.jpg.npy,sunflower
flowers\daisy\05b64c9c08.jpg.npy,daisy
flowers\rose\4343827801_115d520727_c.jpg.npy,rose
flowers\rose\3450344423_63ba3190e3.jpg.npy,rose
flowers\tulip\7589e0b7ae.jpg.npy,tulip
flowers\dandelion\dandelion-hand-29610153.jpg.npy,dandelion
flowers\rose\26461559253_01b9e74ba5_c.jpg.npy,rose
flowers\daisy\5058708968_8bdcd29e63_n_jpg.rf.bd12187a22caaa29e34e498b3425e489.jpg.npy,daisy
flowers\sunflower\d4f779d1df.jpg.npy,sunflower
flowers\dandelion\401831496_d0ae709130_c.jpg.npy,dandelion
flowers\daisy\498159452_b71afd65ba.jpg.npy,daisy
flowers\daisy\18679421522_3be9879e32.jpg.npy,daisy
flowers\rose\16209331331_343c899d38.jpg.npy,rose
flowers\sunflower\3907110919_17b6cafc60_c.jpg.npy,sunflower
flowers\tulip\8688502760_1c8d6de921_m.jpg.npy,tulip
flowers\tulip\5697732034_1173d08fd7_c.jpg.npy,tulip
flowers\daisy\34326606950_41ff8997d7_n_jpg.rf.964d0ff272780e55c4084e616f5d01f2.jpg.npy,daisy
flowers\dandelion\1443259657_2704fab26e_n.jpg.npy,dandelion
flowers\daisy\bees-sucking-nectar-daisy-flower-42704881.jpg.npy,daisy
flowers\sunflower\28.jpg.npy,sunflower
flowers\rose\3747928345_9d32731beb_c.jpg.npy,rose
flowers\dandelion\1223835830_6c88b6217b_c.jpg.npy,dandelion
flowers\daisy\5459481183_18d2d49e44_m.jpg.npy,daisy
flowers\daisy\14921511479_7b0a647795.jpg.npy,daisy
flowers\daisy\14402451388_56545a374a_n_jpg.rf.06b76d9b3b26592d03cb46671584700a.jpg.npy,daisy
flowers\dandelion\14740350060_a489d9fa06.jpg.npy,dandelion
flowers\tulip\fcf36966b564c8a700e443116ae9d77f.jpg.npy,tulip
flowers\rose\image_01280.jpg.npy,rose
flowers\sunflower\43828068982_dabd320012_c.jpg.npy,sunflower
flowers\sunflower\151898652_b5f1c70b98_n.jpg.npy,sunflower
flowers\rose\5840476802_dfa40deb1f_m.jpg.npy,rose
flowers\sunflower\6740105779_aa64bf1421_c.jpg.npy,sunflower
flowers\rose\8633402710_5f1b9e0040_c.jpg.npy,rose
flowers\rose\4692095516_b9ce33ea42_c.jpg.npy,rose
flowers\tulip\5524946579_307dc74476.jpg.npy,tulip
flowers\dandelion\aa2f68f24a.jpg.npy,dandelion
flowers\daisy\image_06214.jpg.npy,daisy
flowers\dandelion\2762397279_0ecfd36192_c.jpg.npy,dandelion
flowers\daisy\6054952060_c88612f3c5_n_jpg.rf.f8181b1ea583b599c11ee4f941b22a22.jpg.npy,daisy
flowers\rose\d8rj8mf-21961b40-aa50-40b1-98a8-24f7acaf9871.jpg.npy,rose
flowers\rose\14317978043_69198f43ae_c.jpg.npy,rose
flowers\sunflower\36477856201_f76b044390_c.jpg.npy,sunflower
flowers\sunflower\20022771089_3cc7e5086d_m.jpg.npy,sunflower
flowers\sunflower\22183521655_56221bf2a4_n.jpg.npy,sunflower
flowers\tulip\0dab3e08c3.jpg.npy,tulip
flowers\tulip\14006612862_082a21f0be_c.jpg.npy,tulip
flowers\tulip\73255071a2.jpg.npy,tulip
flowers\tulip\19660257424_e9080d2ddc_n.jpg.npy,tulip
flowers\tulip\pink-tulips-23082729.jpg.npy,tulip
flowers\tulip\3488643708_909b89b9b9_c.jpg.npy,tulip
flowers\tulip\8629578821_a9957148fa_c.jpg.npy,tulip
flowers\sunflower\31001778968_0d1e1e541a_c.jpg.npy,sunflower
flowers\dandelion\25c81d0e16.jpg.npy,dandelion
flowers\tulip\24499984643_847e8f52ab_c.jpg.npy,tulip
flowers\tulip\16656490833_f9a3ffe3e7_c.jpg.npy,tulip
flowers\daisy\image_06219.jpg.npy,daisy
flowers\dandelion\43552935381_47c6a7ef5f_c.jpg.npy,dandelion
flowers\tulip\18245124970_e68fd3f3c3.jpg.npy,tulip
flowers\rose\7419966772_d6c1c22a81.jpg.npy,rose
flowers\daisy\5981645737_29eceac291_m.jpg.npy,daisy
flowers\sunflower\sunflower-cut-out-isolated-white-clipping-path-33257164.jpg.npy,sunflower
flowers\daisy\28.jpg.npy,daisy
flowers\daisy\9321854387_5f77c926cb_n.jpg.npy,daisy
flowers\dandelion\30632288966_3cd3a73fe7_c.jpg.npy,dandelion
flowers\tulip\383e06d3615b6fb5aa85394ef6c2b61b.jpg.npy,tulip
flowers\sunflower\925bd211f085862067eb0201ef13fcb6.jpg.npy,sunflower
flowers\tulip\171424340_b6887692af_c.jpg.npy,tulip
flowers\tulip\14064735842_a946fba1ef_n.jpg.npy,tulip
flowers\dandelion\34719559905_46ba779d79_n.jpg.npy,dandelion
flowers\rose\26461559223_92f028755f_c.jpg.npy,rose
flowers\rose\43042677621_d339ce15f8_c.jpg.npy,rose
flowers\rose\5537794501_a0767743fd_n.jpg.npy,rose
flowers\dandelion\3844111216_742ea491a0.jpg.npy,dandelion
flowers\daisy\2901376034_cdb4bac26b_m_jpg.rf.0a8a1428bd51b2d10049c05cf09c96be.jpg.npy,daisy
flowers\daisy\6.jpg.npy,daisy
flowers\sunflower\14889779907_3d401bbac7_m.jpg.npy,sunflower
flowers\rose\5002456992_4da0df247a_n.jpg.npy,rose
flowers\rose\6616b37b4a.jpg.npy,rose
flowers\dandelion\32525611717_bf3f8602ab_c.jpg.npy,dandelion
flowers\dandelion\2708630602_876cf3e88c_c.jpg.npy,dandelion
flowers\dandelion\dandelion-dandelion-taraxacum-officinale-plant-flowers-seed-head-buds-isolated-white-background-hand-painted-121152838.jpg.npy,dandelion
flowers\daisy\db1c67a844.jpg.npy,daisy
flowers\rose\5799616059_0ffda02e54.jpg.npy,rose
flowers\sunflower\d5ec0afd448c32bc7a5f5c783eef1519.jpg.npy,sunflower
flowers\tulip\138352085_1a1b797628_c.jpg.npy,tulip
flowers\tulip\8391950709_ec41a2358b_c.jpg.npy,tulip
flowers\daisy\a7e7f217a0.jpg.npy,daisy
flowers\tulip\cae0547788.jpg.npy,tulip
flowers\sunflower\happy-young-black-woman-walks-sunflower-field-smiling-dark-skinned-girl-bouquet-sunflowers-curly-hair-193643041.jpg.npy,sunflower
flowers\rose\26535958444_e62ab9b06f_c.jpg.npy,rose
flowers\tulip\tulips-table-12680294.jpg.npy,tulip
flowers\sunflower\b064d69ac8.jpg.npy,sunflower
flowers\rose\20851336110_b17107948d_n.jpg.npy,rose
flowers\sunflower\fa82827c57.jpg.npy,sunflower
flowers\sunflower\42148954985_a9b53537a5_c.jpg.npy,sunflower
flowers\sunflower\33.jpg.npy,sunflower
flowers\sunflower\20627564224_56f0bc2545_c.jpg.npy,sunflower
flowers\sunflower\3850051407_a1454e96b0_c.jpg.npy,sunflower
flowers\tulip\11a85217e67a80261039f880728de3c6.jpg.npy,tulip
flowers\tulip\7210798858_5fbac32536_c.jpg.npy,tulip
flowers\rose\28089573812_fbf8274f78_c.jpg.npy,rose
flowers\dandelion\14845607659_1be18c5d7f.jpg.npy,dandelion
flowers\tulip\2305612096_da7af73aca_c.jpg.npy,tulip
flowers\sunflower\1049322612_b6152b6736_c.jpg.npy,sunflower
flowers\daisy\144076848_57e1d662e3_m_jpg.rf.16ee95c1174c8180ff0852edf2eeff56.jpg.npy,daisy
flowers\daisy\yellow-daisy-macro-1104025.jpg.npy,daisy
flowers\sunflower\42999453555_7297099941_c.jpg.npy,sunflower
flowers\sunflower\383e7e6d63.jpg.npy,sunflower
flowers\dandelion\17569088845_51c4d934ac_c.jpg.npy,dandelion
flowers\dandelion\39eef3c8ae.jpg.npy,dandelion
flowers\dandelion\4834971260_d979516b8f_c.jpg.npy,dandelion
flowers\sunflower\26254755_1bfc494ef1_n.jpg.npy,sunflower
flowers\tulip\16732302779_8aa56f255d_n.jpg.npy,tulip
flowers\rose\8747396730_966149e6fe_n.jpg.npy,rose
flowers\daisy\18354545086_693ea7bc2a.jpg.npy,daisy
flowers\sunflower\2849067229_153705a389_c.jpg.npy,sunflower
flowers\daisy\image_02301.jpg.npy,daisy
flowers\rose\4de437e2e2.jpg.npy,rose
flowers\rose\20018037665_61c39ffe84_c.jpg.npy,rose
flowers\daisy\3415180846_d7b5cced14_m.jpg.npy,daisy
flowers\dandelion\6193587638_ae518cc455_c.jpg.npy,dandelion
flowers\sunflower\sunflower-field-37625783.jpg.npy,sunflower
flowers\rose\a_bouquet_of_pink_roses_picture_166778.jpg.npy,rose
flowers\daisy\21402054779_759366efb0_n.jpg.npy,daisy
flowers\tulip\14069914777_b10856aaf7_n.jpg.npy,tulip
flowers\tulip\14078067843_3573fcfc85_n.jpg.npy,tulip
flowers\daisy\5885826924_38fdc6bcaa_n_jpg.rf.e55b25e18c5634f8a6dd32bd6c80d84c.jpg.npy,daisy
flowers\rose\red-roses-6452004.jpg.npy,rose
flowers\tulip\effa8bb642.jpg.npy,tulip
flowers\sunflower\6828929160_53bfdd4abf_c.jpg.npy,sunflower
flowers\dandelion\1e74c8de7a.jpg.npy,dandelion
flowers\daisy\8008629838_c62bb2b016_n_jpg.rf.98a2d0fe8ebcf62d8f9daee75469c062.jpg.npy,daisy
flowers\tulip\17078716890_68e0723389_n.jpg.npy,tulip
flowers\sunflower\24961771498_81d4903138_c.jpg.npy,sunflower
flowers\sunflower\4933824012_8cbfe606f6.jpg.npy,sunflower
flowers\rose\1346682727_2c0fe8712b_c.jpg.npy,rose
flowers\tulip\13501543664_3f3a6760c1_c.jpg.npy,tulip
flowers\tulip\492050980_fbaf04d264_c.jpg.npy,tulip
flowers\dandelion\white-dandelion-3230020.jpg.npy,dandelion
flowers\dandelion\8977054205_45bc17b360_c.jpg.npy,dandelion
flowers\dandelion\33875654554_e5e4070fab_n.jpg.npy,dandelion
flowers\daisy\4865691548_00319261b8_jpg.rf.4c5e7f7fb840730078fc2395d44da4d7.jpg.npy,daisy
flowers\daisy\4733590002_f6a70b4f48_n_jpg.rf.5a52aa8abfe365a044d0034137537e52.jpg.npy,daisy
flowers\rose\15859434664_67bf3ef29f.jpg.npy,rose
flowers\daisy\flower-vase-pink-daisy-flowers-8985918.jpg.npy,daisy
